Workbook

Sheet COMO USAR
A1: COMO USAR ESTA PLANILHA — Cronograma MPMS (Analista TI / Desenvolvimento de Sistemas)
A2: Guia rápido de cada aba — o que preencher, o que é automático e a ordem de uso no dia a dia
A4: 1. DIÁRIO DE ESTUDO — comece por aqui todo dia
A5: • É o coração da planilha. Cada linha é uma tarefa: matéria + assunto do dia, já organizados por rodízio (nunca fica só numa matéria).
A6: • As linhas de tipo REVISÃO 24H / 7 DIAS / 15 DIAS / 30 DIAS aparecem sozinhas nas datas certas — é o sistema de revisão espaçada (o que você estuda hoje, volta a aparecer em 1, 7, 15 e 30 dias).
A7: • TODO DIA, depois de estudar: preencha só as colunas QUESTÕES (quantas fez) e ACERTOS (quantas acertou) na linha do assunto correspondente.
A8: • Não precisa mexer em mais nada nessa aba — data, matéria e assunto já vêm prontos.
A10: 2. EDITAL — checklist de tudo que cai na prova
A11: • Lista todos os assuntos do cargo, agrupados por matéria, com um status: SIM / NÃO / ATENÇÃO / PRECISO ESTUDAR / DOMINO / CAIU NA ÚLTIMA PROVA.
A12: • Marque 'MATÉRIA ESTUDADA', 'AULAS/TEORIA' e 'JÁ FIZ QUESTÕES?' para cada assunto conforme for avançando — a célula muda de cor sozinha (verde = SIM, vermelho = NÃO, etc.).
A13: • As colunas QTD. EXERC. e ACERTOS NÃO se preenchem aqui — elas somam sozinhas o que você lançou no Diário de estudo para aquele mesmo assunto.
A14: • DESEMP. (%) é automático (acertos ÷ questões). REVISÃO 1º/2º/3º: preencha a data em que revisou aquele assunto especificamente (além das revisões automáticas do Diário).
... A49: 6) Uma vez por semana, dê uma olhada no Controle de Questões e na Dica de Horas de Estudo para ver se está equilibrado entre as matérias.

Sheet TÉCNICAS DE ESTUDO
A1: TÉCNICAS DE ESTUDO — o que a ciência mostra que funciona
A2: Baseado na revisão de Dunlosky, Rawson, Marsh, Nathan & Willingham (2013), a mais citada sobre eficácia de técnicas de aprendizagem
A4: LEGENDA DE EFICÁCIA:
A5: ALTA — priorize sempre
A7: MODERADA — bom complemento
A9: BAIXA — evite usar sozinha
A11: EFICÁCIA | B11: TÉCNICA | C11: O QUE É E POR QUE FUNCIONA | D11: COMO JÁ ESTÁ NA SUA PLANILHA / RECOMENDAÇÃO
A12: ALTA | B12: Active Recall (prática de recuperação) | C12: Testar-se ativamente sobre o conteúdo — fechar o material e tentar lembrar, responder questões, recitar em voz alta — em vez de reler ou apenas assistir aula. É a técnica com maior efeito comprovado sobre retenção de longo prazo, porque força o cérebro a reconstruir a informação, e não só reconhecê-la. | D12: Na planilha: aba EDITAL (marcar 'já fiz questões') e Diário de estudo (bloco de questões todo dia, antes de considerar o assunto 'dominado').
A13: ALTA | B13: Repetição Espaçada (Spaced Repetition) | C13: Revisar o mesmo conteúdo em intervalos crescentes (ex.: 1, 7, 15, 30 dias) em vez de estudar tudo de uma vez e nunca mais voltar. Cada revisão no momento certo (pouco antes de esquecer) fortalece a memória de longo prazo muito mais que reestudar tudo de uma vez (cramming). | D13: Na planilha: aba Diário de estudo já gera automaticamente as linhas de REVISÃO 24H / 7 DIAS / 15 DIAS / 30 DIAS para cada assunto estudado.
A14: ALTA | B14: Intercalação (Interleaving) | C14: Misturar matérias ou tipos de problema numa mesma sessão de estudo, em vez de estudar um assunto isolado até exaustão (blocked practice). Aumenta o esforço mental no curto prazo (parece mais difícil), mas melhora a capacidade de diferenciar e aplicar o conhecimento certo na hora certa — o que é exatamente o que uma prova de concurso exige. | D14: Na planilha: o cronograma já roda em rodízio entre as matérias, nunca em blocos fechados de uma matéria só.
A15: MODERADA | B15: Elaboração (Elaborative Interrogation / Self-Explanation) | C15: Perguntar e responder 'por quê' e 'como' sobre o conteúdo, em vez de só memorizar o 'o quê'. Explicar com suas próprias palavras por que uma resposta está certa cria conexões mais profundas com o que você já sabe. | D15: Na planilha: campo 'Fundamento da resposta certa' no Caderno de Erros.
A16: MODERADA | B16: Exemplos Concretos (Concrete Examples) | C16: Associar conceitos abstratos a exemplos e situações reais e específicas. Ajuda a lembrar e a transferir o conhecimento para questões com contextos diferentes do material original. | D16: Na prática: ao estudar Direito Administrativo/Legislação, relacione com situações reais do setor público que você já vivencia no trabalho.
A17: MODERADA | B17: Prática Distribuída (Distributed Practice) | C17: Estudar em sessões mais curtas e frequentes ao longo do tempo, em vez de sessões longas e raras. É o princípio por trás da repetição espaçada aplicado à carga horária diária. | D17: Na planilha: rotina de 2h em dias úteis + 4h no fim de semana, em vez de tentar concentrar tudo em uma única maratona.
A18: BAIXA | B18: Releitura (Rereading) | C18: Ler o mesmo material várias vezes. Dá uma falsa sensação de domínio (familiaridade é confundida com aprendizado), mas o efeito real sobre a retenção é fraco quando usada sozinha, sem teste ativo. | D18: Uso recomendado: só como primeiro contato com o conteúdo, nunca como método principal de revisão — substitua por active recall.
A19: BAIXA | B19: Grifar e Destacar (Highlighting/Underlining) | C19: Marcar trechos do texto como importantes. É passivo, exige pouco esforço cognitivo e não força a reorganização da informação na memória — por isso o efeito comprovado é baixo. | D19: Uso recomendado: pode ajudar a localizar informação depois, mas não substitui fazer questões ou se testar sobre o trecho grifado.
A20: BAIXA | B20: Resumos (Summarization) | C20: Reescrever o conteúdo de forma condensada. Funciona razoavelmente bem para quem já sabe resumir bem (identificar o que é essencial), mas tem eficácia inconsistente e é uma habilidade que a maioria das pessoas não domina bem. | D20: Uso recomendado: útil para organizar o material antes de estudar, mas não é revisão — depois do resumo pronto, teste-se sobre ele com active recall.
A22: RESUMO PRÁTICO
A23: • Priorize sempre: fazer questões (active recall) + revisar em intervalos crescentes (repetição espaçada) + misturar matérias (intercalação).
A24: • O erro mais comum é inverter a ordem: estudar teoria exaustivamente e deixar questões só para o fim. O ideal é começar a fazer questões cedo, mesmo errando muito no início — o erro guiado é parte do aprendizado.
A25: • Releitura, grifar e resumir sozinhos dão sensação de progresso, mas retêm pouco. Use-os só como preparação, nunca como substituto de se testar.
A26: • Essa planilha já foi montada em cima das técnicas de alta eficácia: o rodízio de matérias é intercalação, as linhas de REVISÃO 24H/7D/15D/30D no Diário são repetição espaçada, e o Controle de Questões + Caderno de Erros existem para forçar prática ativa.
A28: Fonte: Dunlosky, J., Rawson, K. A., Marsh, E. J., Nathan, M. J., & Willingham, D. T. (2013). Improving Students' Learning With Effective Learning Techniques. Psychological Science in the Public Interest, 14(1), 4–58.

Sheet Diário de estudo
A1: DIÁRIO DE ESTUDO — preencha QUESTÕES e ACERTOS aqui; as outras abas somam sozinhas
A2: DATA | B2: DIA DA SEMANA | C2: Nº | D2: MATÉRIA | E2: TIPO | F2: ASSUNTO / ATIVIDADE | G2: CH (MIN) | H2: QUESTÕES | I2: ACERTOS | J2: STATUS
A3: 46283 | B3: Sexta | C3: 1 | D3: LÍNGUA PORTUGUESA | E3: ESTUDO | F3: Interpretação de texto, tipologia e gêneros textuais | G3: 120 | J3: A FAZER
A4: 46284 | B4: Sábado | C4: 2 | D4: DIREITO CONSTITUCIONAL | E4: ESTUDO | F4: Constitucionalismo, conceito e classificação das Constituições | G4: 120 | J4: A FAZER
A5: 46284 | B5: Sábado | C5: 3 | D5: DIREITO ADMINISTRATIVO | E5: ESTUDO | F5: Princípios e Poderes Administrativos | G5: 120 | J5: A FAZER
A6: 46284 | B6: Sábado | C6: 4 | D6: LÍNGUA PORTUGUESA | E6: REVISÃO 24H | F6: Interpretação de texto, tipologia e gêneros textuais | J6: A FAZER
A7: 46285 | B7: Domingo | C7: 5 | D7: LEGISLAÇÃO INSTITUCIONAL MP | E7: ESTUDO | F7: Lei Orgânica Nacional do MP (Lei 8.625/93) | G7: 120 | J7: A FAZER
A8: 46285 | B8: Domingo | C8: 6 | D8: ENGENHARIA DE SOFTWARE | E8: SIMULADO | F8: Simulado misto (questões de todas as matérias da semana) | G8: 120 | J8: A FAZER
A9: 46285 | B9: Domingo | C9: 7 | D9: DIREITO CONSTITUCIONAL | E9: REVISÃO 24H | F9: Constitucionalismo, conceito e classificação das Constituições | J9: A FAZER
A10: 46285 | B10: Domingo | C10: 8 | D10: DIREITO ADMINISTRATIVO | E10: REVISÃO 24H | F10: Princípios e Poderes Administrativos | J10: A FAZER
A11: 46286 | B11: Segunda | C11: 9 | D11: ARQUITETURA DE SOFTWARE | E11: ESTUDO | F11: Padrão MVC; Microsserviços; Arquitetura orientada a eventos | G11: 120 | J11: A FAZER
A12: 46286 | B12: Segunda | C12: 10 | D12: LEGISLAÇÃO INSTITUCIONAL MP | E12: REVISÃO 24H | F12: Lei Orgânica Nacional do MP (Lei 8.625/93) | J12: A FAZER
A13: 46287 | B13: Terça | C13: 11 | D13: LINGUAGENS DE PROGRAMAÇÃO | E13: ESTUDO | F13: Orientação a Objetos: pilares e características estruturais | G13: 120 | J13: A FAZER
A14: 46287 | B14: Terça | C14: 12 | D14: ARQUITETURA DE SOFTWARE | E14: REVISÃO 24H | F14: Padrão MVC; Microsserviços; Arquitetura orientada a eventos | J14: A FAZER
A15: 46288 | B15: Quarta | C15: 13 | D15: QUALIDADE DE SOFTWARE | E15: ESTUDO | F15: Garantia da qualidade e métricas de código | G15: 120 | J15: A FAZER
A16: 46288 | B16: Quarta | C16: 14 | D16: LINGUAGENS DE PROGRAMAÇÃO | E16: REVISÃO 24H | F16: Orientação a Objetos: pilares e características estruturais | J16: A FAZER
A17: 46289 | B17: Quinta | C17: 15 | D17: ESTRUTURA DE DADOS E ALGORITMOS | E17: ESTUDO | F17: Tipos básicos e abstratos de dados (lista, fila, pilha, árvore) | G17: 120 | J17: A FAZER
A18: 46289 | B18: Quinta | C18: 16 | D18: QUALIDADE DE SOFTWARE | E18: REVISÃO 24H | F18: Garantia da qualidade e métricas de código | J18: A FAZER
A19: 46290 | B19: Sexta | C19: 17 | D19: ARQUITETURA / BANCO DE DADOS | E19: ESTUDO | F19: Modelagem de dados: conceitual, lógica e física | G19: 120 | J19: A FAZER
A20: 46290 | B20: Sexta | C20: 18 | D20: LÍNGUA PORTUGUESA | E20: REVISÃO 7 DIAS | F20: Interpretação de texto, tipologia e gêneros textuais | J20: A FAZER
A21: 46290 | B21: Sexta | C21: 19 | D21: ESTRUTURA DE DADOS E ALGORITMOS | E21: REVISÃO 24H | F21: Tipos básicos e abstratos de dados (lista, fila, pilha, árvore) | J21: A FAZER
A22: 46291 | B22: Sábado | C22: 20 | D22: SEGURANÇA DA INFORMAÇÃO | E22: ESTUDO | F22: Desenvolvimento seguro: SAST / DAST / IAST | G22: 120 | J22: A FAZER
A23: 46291 | B23: Sábado | C23: 21 | D23: ENGENHARIA DE SOFTWARE | E23: ESTUDO | F23: Ciclo de vida e metodologias de desenvolvimento (cascata, ágil) | G23: 120 | J23: A FAZER
A24: 46291 | B24: Sábado | C24: 22 | D24: DIREITO CONSTITUCIONAL | E24: REVISÃO 7 DIAS | F24: Constitucionalismo, conceito e classificação das Constituições | J24: A FAZER
A25: 46291 | B25: Sábado | C25: 23 | D25: DIREITO ADMINISTRATIVO | E25: REVISÃO 7 DIAS | F25: Princípios e Poderes Administrativos | J25: A FAZER
A26: 46291 | B26: Sábado | C26: 24 | D26: ARQUITETURA / BANCO DE DADOS | E26: REVISÃO 24H | F26: Modelagem de dados: conceitual, lógica e física | J26: A FAZER
A27: 46292 | B27: Domingo | C27: 25 | D27: ARQUITETURA DE SOFTWARE | E27: ESTUDO | F27: Arquitetura Orientada a Serviços (SOA) e interoperabilidade | G27: 120 | J27: A FAZER
A28: 46292 | B28: Domingo | C28: 26 | D28: LINGUAGENS DE PROGRAMAÇÃO | E28: SIMULADO | F28: Simulado misto (questões de todas as matérias da semana) | G28: 120 | J28: A FAZER
A29: 46292 | B29: Domingo | C29: 27 | D29: LEGISLAÇÃO INSTITUCIONAL MP | E29: REVISÃO 7 DIAS | F29: Lei Orgânica Nacional do MP (Lei 8.625/93) | J29: A FAZER
A30: 46292 | B30: Domingo | C30: 28 | D30: SEGURANÇA DA INFORMAÇÃO | E30: REVISÃO 24H | F30: Desenvolvimento seguro: SAST / DAST / IAST | J30: A FAZER
A31: 46292 | B31: Domingo | C31: 29 | D31: ENGENHARIA DE SOFTWARE | E31: REVISÃO 24H | F31: Ciclo de vida e metodologias de desenvolvimento (cascata, ágil) | J31: A FAZER
A32: 46293 | B32: Segunda | C32: 30 | D32: ESTRUTURA DE DADOS E ALGORITMOS | E32: ESTUDO | F32: Sub-rotinas: chamada por endereço, referência e valor | G32: 120 | J32: A FAZER
A33: 46293 | B33: Segunda | C33: 31 | D33: ARQUITETURA DE SOFTWARE | E33: REVISÃO 7 DIAS | F33: Padrão MVC; Microsserviços; Arquitetura orientada a eventos | J33: A FAZER
A34: 46293 | B34: Segunda | C34: 32 | D34: ARQUITETURA DE SOFTWARE | E34: REVISÃO 24H | F34: Arquitetura Orientada a Serviços (SOA) e interoperabilidade | J34: A FAZER
A35: 46294 | B35: Terça | C35: 33 | D35: ARQUITETURA / BANCO DE DADOS | E35: ESTUDO | F35: Normalização, integridade referencial e metadados | G35: 120 | J35: A FAZER
A36: 46294 | B36: Terça | C36: 34 | D36: LINGUAGENS DE PROGRAMAÇÃO | E36: REVISÃO 7 DIAS | F36: Orientação a Objetos: pilares e características estruturais | J36: A FAZER
A37: 46294 | B37: Terça | C37: 35 | D37: ESTRUTURA DE DADOS E ALGORITMOS | E37: REVISÃO 24H | F37: Sub-rotinas: chamada por endereço, referência e valor | J37: A FAZER
A38: 46295 | B38: Quarta | C38: 36 | D38: LÍNGUA PORTUGUESA | E38: ESTUDO | F38: Ortografia, acentuação e uso da crase | G38: 120 | J38: A FAZER
A39: 46295 | B39: Quarta | C39: 37 | D39: QUALIDADE DE SOFTWARE | E39: REVISÃO 7 DIAS | F39: Garantia da qualidade e métricas de código | J39: A FAZER
A40: 46295 | B40: Quarta | C40: 38 | D40: ARQUITETURA / BANCO DE DADOS | E40: REVISÃO 24H | F40: Normalização, integridade referencial e metadados | J40: A FAZER
A41: 46296 | B41: Quinta | C41: 39 | D41: DIREITO CONSTITUCIONAL | E41: ESTUDO | F41: Eficácia, aplicabilidade e interpretação das normas constitucionais | G41: 120 | J41: A FAZER
A42: 46296 | B42: Quinta | C42: 40 | D42: ESTRUTURA DE DADOS E ALGORITMOS | E42: REVISÃO 7 DIAS | F42: Tipos básicos e abstratos de dados (lista, fila, pilha, árvore) | J42: A FAZER
A43: 46296 | B43: Quinta | C43: 41 | D43: LÍNGUA PORTUGUESA | E43: REVISÃO 24H | F43: Ortografia, acentuação e uso da crase | J43: A FAZER
A44: 46297 | B44: Sexta | C44: 42 | D44: DIREITO ADMINISTRATIVO | E44: ESTUDO | F44: Organização Administrativa e Atos Administrativos | G44: 120 | J44: A FAZER
A45: 46297 | B45: Sexta | C45: 43 | D45: ARQUITETURA / BANCO DE DADOS | E45: REVISÃO 7 DIAS | F45: Modelagem de dados: conceitual, lógica e física | J45: A FAZER
A46: 46297 | B46: Sexta | C46: 44 | D46: DIREITO CONSTITUCIONAL | E46: REVISÃO 24H | F46: Eficácia, aplicabilidade e interpretação das normas constitucionais | J46: A FAZER
A47: 46298 | B47: Sábado | C47: 45 | D47: LEGISLAÇÃO INSTITUCIONAL MP | E47: ESTUDO | F47: Lei Orgânica do MPMS (LC Estadual 72/1994) | G47: 120 | J47: A FAZER
A48: 46298 | B48: Sábado | C48: 46 | D48: ENGENHARIA DE SOFTWARE | E48: ESTUDO | F48: Processos interativo/incremental; práticas ágeis; TDD | G48: 120 | J48: A FAZER
A49: 46298 | B49: Sábado | C49: 47 | D49: LÍNGUA PORTUGUESA | E49: REVISÃO 15 DIAS | F49: Interpretação de texto, tipologia e gêneros textuais | J49: A FAZER
A50: 46298 | B50: Sábado | C50: 48 | D50: SEGURANÇA DA INFORMAÇÃO | E50: REVISÃO 7 DIAS | F50: Desenvolvimento seguro: SAST / DAST / IAST | J50: A FAZER
A51: 46298 | B51: Sábado | C51: 49 | D51: ENGENHARIA DE SOFTWARE | E51: REVISÃO 7 DIAS | F51: Ciclo de vida e metodologias de desenvolvimento (cascata, ágil) | J51: A FAZER
A52: 46298 | B52: Sábado | C52: 50 | D52: DIREITO ADMINISTRATIVO | E52: REVISÃO 24H | F52: Organização Administrativa e Atos Administrativos | J52: A FAZER
A53: 46299 | B53: Domingo | C53: 51 | D53: ARQUITETURA DE SOFTWARE | E53: ESTUDO | F53: Padrões de projeto (design patterns) e anti-patterns | G53: 120 | J53: A FAZER
A54: 46299 | B54: Domingo | C54: 52 | D54: LINGUAGENS DE PROGRAMAÇÃO | E54: SIMULADO | F54: Simulado misto (questões de todas as matérias da semana) | G54: 120 | J54: A FAZER
A55: 46299 | B55: Domingo | C55: 53 | D55: DIREITO CONSTITUCIONAL | E55: REVISÃO 15 DIAS | F55: Constitucionalismo, conceito e classificação das Constituições | J55: A FAZER
A56: 46299 | B56: Domingo | C56: 54 | D56: DIREITO ADMINISTRATIVO | E56: REVISÃO 15 DIAS | F56: Princípios e Poderes Administrativos | J56: A FAZER
A57: 46299 | B57: Domingo | C57: 55 | D57: ARQUITETURA DE SOFTWARE | E57: REVISÃO 7 DIAS | F57: Arquitetura Orientada a Serviços (SOA) e interoperabilidade | J57: A FAZER
A58: 46299 | B58: Domingo | C58: 56 | D58: LEGISLAÇÃO INSTITUCIONAL MP | E58: REVISÃO 24H | F58: Lei Orgânica do MPMS (LC Estadual 72/1994) | J58: A FAZER
A59: 46299 | B59: Domingo | C59: 57 | D59: ENGENHARIA DE SOFTWARE | E59: REVISÃO 24H | F59: Processos interativo/incremental; práticas ágeis; TDD | J59: A FAZER
A60: 46300 | B60: Segunda | C60: 58 | D60: QUALIDADE DE SOFTWARE | E60: ESTUDO | F60: Testes: unitário, integração, funcional, aceitação | G60: 120 | J60: A FAZER
A61: 46300 | B61: Segunda | C61: 59 | D61: LEGISLAÇÃO INSTITUCIONAL MP | E61: REVISÃO 15 DIAS | F61: Lei Orgânica Nacional do MP (Lei 8.625/93) | J61: A FAZER
A62: 46300 | B62: Segunda | C62: 60 | D62: ESTRUTURA DE DADOS E ALGORITMOS | E62: REVISÃO 7 DIAS | F62: Sub-rotinas: chamada por endereço, referência e valor | J62: A FAZER
A63: 46300 | B63: Segunda | C63: 61 | D63: ARQUITETURA DE SOFTWARE | E63: REVISÃO 24H | F63: Padrões de projeto (design patterns) e anti-patterns | J63: A FAZER
A64: 46301 | B64: Terça | C64: 62 | D64: ESTRUTURA DE DADOS E ALGORITMOS | E64: ESTUDO | F64: Algoritmos de pesquisa e ordenação | G64: 120 | J64: A FAZER
A65: 46301 | B65: Terça | C65: 63 | D65: ARQUITETURA DE SOFTWARE | E65: REVISÃO 15 DIAS | F65: Padrão MVC; Microsserviços; Arquitetura orientada a eventos | J65: A FAZER
A66: 46301 | B66: Terça | C66: 64 | D66: ARQUITETURA / BANCO DE DADOS | E66: REVISÃO 7 DIAS | F66: Normalização, integridade referencial e metadados | J66: A FAZER
A67: 46301 | B67: Terça | C67: 65 | D67: QUALIDADE DE SOFTWARE | E67: REVISÃO 24H | F67: Testes: unitário, integração, funcional, aceitação | J67: A FAZER
A68: 46302 | B68: Quarta | C68: 66 | D68: ARQUITETURA / BANCO DE DADOS | E68: ESTUDO | F68: Modelagem dimensional e avaliação de modelos | G68: 120 | J68: A FAZER
A69: 46302 | B69: Quarta | C69: 67 | D69: LINGUAGENS DE PROGRAMAÇÃO | E69: REVISÃO 15 DIAS | F69: Orientação a Objetos: pilares e características estruturais | J69: A FAZER
A70: 46302 | B70: Quarta | C70: 68 | D70: LÍNGUA PORTUGUESA | E70: REVISÃO 7 DIAS | F70: Ortografia, acentuação e uso da crase | J70: A FAZER
A71: 46302 | B71: Quarta | C71: 69 | D71: ESTRUTURA DE DADOS E ALGORITMOS | E71: REVISÃO 24H | F71: Algoritmos de pesquisa e ordenação | J71: A FAZER
A72: 46303 | B72: Quinta | C72: 70 | D72: SEGURANÇA DA INFORMAÇÃO | E72: ESTUDO | F72: SSO (Single Sign-On) e Autenticação Multifator (MFA) | G72: 120 | J72: A FAZER
A73: 46303 | B73: Quinta | C73: 71 | D73: QUALIDADE DE SOFTWARE | E73: REVISÃO 15 DIAS | F73: Garantia da qualidade e métricas de código | J73: A FAZER
A74: 46303 | B74: Quinta | C74: 72 | D74: DIREITO CONSTITUCIONAL | E74: REVISÃO 7 DIAS | F74: Eficácia, aplicabilidade e interpretação das normas constitucionais | J74: A FAZER
A75: 46303 | B75: Quinta | C75: 73 | D75: ARQUITETURA / BANCO DE DADOS | E75: REVISÃO 24H | F75: Modelagem dimensional e avaliação de modelos | J75: A FAZER
A76: 46304 | B76: Sexta | C76: 74 | D76: ENGENHARIA DE SOFTWARE | E76: ESTUDO | F76: Gerenciamento de ciclo de vida de aplicações; Integração contínua | G76: 120 | J76: A FAZER
A77: 46304 | B77: Sexta | C77: 75 | D77: ESTRUTURA DE DADOS E ALGORITMOS | E77: REVISÃO 15 DIAS | F77: Tipos básicos e abstratos de dados (lista, fila, pilha, árvore) | J77: A FAZER
A78: 46304 | B78: Sexta | C78: 76 | D78: DIREITO ADMINISTRATIVO | E78: REVISÃO 7 DIAS | F78: Organização Administrativa e Atos Administrativos | J78: A FAZER
A79: 46304 | B79: Sexta | C79: 77 | D79: SEGURANÇA DA INFORMAÇÃO | E79: REVISÃO 24H | F79: SSO (Single Sign-On) e Autenticação Multifator (MFA) | J79: A FAZER
A80: 46305 | B80: Sábado | C80: 78 | D80: ARQUITETURA DE SOFTWARE | E80: ESTUDO | F80: Conteinerização; servidores de aplicação | G80: 120 | J80: A FAZER
A81: 46305 | B81: Sábado | C81: 79 | D81: LINGUAGENS DE PROGRAMAÇÃO | E81: ESTUDO | F81: Coleções, tipos genéricos, threads e escalonamento | G81: 120 | J81: A FAZER
A82: 46305 | B82: Sábado | C82: 80 | D82: ARQUITETURA / BANCO DE DADOS | E82: REVISÃO 15 DIAS | F82: Modelagem de dados: conceitual, lógica e física | J82: A FAZER
A83: 46305 | B83: Sábado | C83: 81 | D83: LEGISLAÇÃO INSTITUCIONAL MP | E83: REVISÃO 7 DIAS | F83: Lei Orgânica do MPMS (LC Estadual 72/1994) | J83: A FAZER
A84: 46305 | B84: Sábado | C84: 82 | D84: ENGENHARIA DE SOFTWARE | E84: REVISÃO 7 DIAS | F84: Processos interativo/incremental; práticas ágeis; TDD | J84: A FAZER
A85: 46305 | B85: Sábado | C85: 83 | D85: ENGENHARIA DE SOFTWARE | E85: REVISÃO 24H | F85: Gerenciamento de ciclo de vida de aplicações; Integração contínua | J85: A FAZER
A86: 46306 | B86: Domingo | C86: 84 | D86: ESTRUTURA DE DADOS E ALGORITMOS | E86: ESTUDO | F86: Listas lineares, encadeadas, vetores e matrizes | G86: 120 | J86: A FAZER
A87: 46306 | B87: Domingo | C87: 85 | D87: ARQUITETURA / BANCO DE DADOS | E87: SIMULADO | F87: Simulado misto (questões de todas as matérias da semana) | G87: 120 | J87: A FAZER
A88: 46306 | B88: Domingo | C88: 86 | D88: SEGURANÇA DA INFORMAÇÃO | E88: REVISÃO 15 DIAS | F88: Desenvolvimento seguro: SAST / DAST / IAST | J88: A FAZER
A89: 46306 | B89: Domingo | C89: 87 | D89: ENGENHARIA DE SOFTWARE | E89: REVISÃO 15 DIAS | F89: Ciclo de vida e metodologias de desenvolvimento (cascata, ágil) | J89: A FAZER
A90: 46306 | B90: Domingo | C90: 88 | D90: ARQUITETURA DE SOFTWARE | E90: REVISÃO 7 DIAS | F90: Padrões de projeto (design patterns) e anti-patterns | J90: A FAZER
A91: 46306 | B91: Domingo | C91: 89 | D91: ARQUITETURA DE SOFTWARE | E91: REVISÃO 24H | F91: Conteinerização; servidores de aplicação | J91: A FAZER
A92: 46306 | B92: Domingo | C92: 90 | D92: LINGUAGENS DE PROGRAMAÇÃO | E92: REVISÃO 24H | F92: Coleções, tipos genéricos, threads e escalonamento | J92: A FAZER
A93: 46307 | B93: Segunda | C93: 91 | D93: ARQUITETURA DE SOFTWARE | E93: REVISÃO 15 DIAS | F93: Arquitetura Orientada a Serviços (SOA) e interoperabilidade | J93: A FAZER
A94: 46307 | B94: Segunda | C94: 92 | D94: QUALIDADE DE SOFTWARE | E94: REVISÃO 7 DIAS | F94: Testes: unitário, integração, funcional, aceitação | J94: A FAZER
A95: 46307 | B95: Segunda | C95: 93 | D95: ESTRUTURA DE DADOS E ALGORITMOS | E95: REVISÃO 24H | F95: Listas lineares, encadeadas, vetores e matrizes | J95: A FAZER
A96: 46308 | B96: Terça | C96: 94 | D96: LÍNGUA PORTUGUESA | E96: ESTUDO | F96: Morfologia (classes de palavras) e funções do 'que'/'se' | G96: 120 | J96: A FAZER
A97: 46308 | B97: Terça | C97: 95 | D97: ESTRUTURA DE DADOS E ALGORITMOS | E97: REVISÃO 15 DIAS | F97: Sub-rotinas: chamada por endereço, referência e valor | J97: A FAZER
A98: 46308 | B98: Terça | C98: 96 | D98: ESTRUTURA DE DADOS E ALGORITMOS | E98: REVISÃO 7 DIAS | F98: Algoritmos de pesquisa e ordenação | J98: A FAZER
A99: 46309 | B99: Quarta | C99: 97 | D99: DIREITO CONSTITUCIONAL | E99: ESTUDO | F99: Poder Constituinte e Princípios Fundamentais | G99: 120 | J99: A FAZER
A100: 46309 | B100: Quarta | C100: 98 | D100: ARQUITETURA / BANCO DE DADOS | E100: REVISÃO 15 DIAS | F100: Normalização, integridade referencial e metadados | J100: A FAZER
...

Sheet EDITAL
A1: CONCURSO MPMS — ANALISTA DE TI / DESENVOLVIMENTO DE SISTEMAS (base: Edital nº 1/2022-MPMS)
A2: Cronograma adaptado — atualizar quando sair o novo edital | Quantidade/Acertos vêm automaticamente do 'Diário de estudo'
A4: LEGENDA: | B4: SIM | C4: NÃO | D4: ATENÇÃO | E4: PRECISO ESTUDAR | F4: DOMINO | G4: CAIU NA ÚLTIMA PROVA
A6: LÍNGUA PORTUGUESA | K6: =IFERROR(COUNTIF(B7:B12,"SIM")/COUNTA(B7:B12),0) | L6: MATEI NO DIÁRIO?
B7: MATÉRIA ESTUDADA | C7: AULAS / TEORIA | D7: JÁ FIZ QUESTÕES? | E7: QTD. EXERC. | F7: ACERTOS | G7: DESEMP. (%) | H7: REVISÃO 1º | I7: REVISÃO 2º | J7: REVISÃO 3º | K7: ANOTAÇÕES
A8: Interpretação de texto, tipologia e gêneros textuais | B8: NÃO | C8: NÃO | D8: NÃO | E8: =SUMIFS('Diário de estudo'!H3:H530,'Diário de estudo'!D3:D530,"LÍNGUA PORTUGUESA",'Diário de estudo'!F3:F530,A8) | F8: =SUMIFS('Diário de estudo'!I3:I530,'Diário de estudo'!D3:D530,"LÍNGUA PORTUGUESA",'Diário de estudo'!F3:F530,A8) | G8: =IFERROR(F8/E8,"") | L8: =IF(COUNTIFS('Diário de estudo'!$D$3:$D$530,"LÍNGUA PORTUGUESA",'Diário de estudo'!$F$3:$F$530,A8,'Diário de estudo'!$J$3:$J$530,"CONCLUÍDO")>0,"✔ SIM","—")
A9: Ortografia, acentuação e uso da crase | B9: NÃO | C9: NÃO | D9: NÃO | E9: =SUMIFS('Diário de estudo'!H3:H530,'Diário de estudo'!D3:D530,"LÍNGUA PORTUGUESA",'Diário de estudo'!F3:F530,A9) | F9: =SUMIFS('Diário de estudo'!I3:I530,'Diário de estudo'!D3:D530,"LÍNGUA PORTUGUESA",'Diário de estudo'!F3:F530,A9) | G9: =IFERROR(F9/E9,"") | L9: =IF(COUNTIFS('Diário de estudo'!$D$3:$D$530,"LÍNGUA PORTUGUESA",'Diário de estudo'!$F$3:$F$530,A9,'Diário de estudo'!$J$3:$J$530,"CONCLUÍDO")>0,"✔ SIM","—")
A10: Morfologia (classes de palavras) e funções do 'que'/'se' | B10: NÃO | C10: NÃO | D10: NÃO | E10: =SUMIFS('Diário de estudo'!H3:H530,'Diário de estudo'!D3:D530,"LÍNGUA PORTUGUESA",'Diário de estudo'!F3:F530,A10) | F10: =SUMIFS('Diário de estudo'!I3:I530,'Diário de estudo'!D3:D530,"LÍNGUA PORTUGUESA",'Diário de estudo'!F3:F530,A10) | G10: =IFERROR(F10/E10,"") | L10: =IF(COUNTIFS('Diário de estudo'!$D$3:$D$530,"LÍNGUA PORTUGUESA",'Diário de estudo'!$F$3:$F$530,A10,'Diário de estudo'!$J$3:$J$530,"CONCLUÍDO")>0,"✔ SIM","—")
A11: Coesão e coerência textual; reescrita de frases | B11: NÃO | C11: NÃO | D11: NÃO | E11: =SUMIFS('Diário de estudo'!H3:H530,'Diário de estudo'!D3:D530,"LÍNGUA PORTUGUESA",'Diário de estudo'!F3:F530,A11) | F11: =SUMIFS('Diário de estudo'!I3:I530,'Diário de estudo'!D3:D530,"LÍNGUA PORTUGUESA",'Diário de estudo'!F3:F530,A11) | G11: =IFERROR(F11/E11,"") | L11: =IF(COUNTIFS('Diário de estudo'!$D$3:$D$530,"LÍNGUA PORTUGUESA",'Diário de estudo'!$F$3:$F$530,A11,'Diário de estudo'!$J$3:$J$530,"CONCLUÍDO")>0,"✔ SIM","—")
A12: Sintaxe (período simples e composto); concordância e regência | B12: NÃO | C12: NÃO | D12: NÃO | E12: =SUMIFS('Diário de estudo'!H3:H530,'Diário de estudo'!D3:D530,"LÍNGUA PORTUGUESA",'Diário de estudo'!F3:F530,A12) | F12: =SUMIFS('Diário de estudo'!I3:I530,'Diário de estudo'!D3:D530,"LÍNGUA PORTUGUESA",'Diário de estudo'!F3:F530,A12) | G12: =IFERROR(F12/E12,"") | L12: =IF(COUNTIFS('Diário de estudo'!$D$3:$D$530,"LÍNGUA PORTUGUESA",'Diário de estudo'!$F$3:$F$530,A12,'Diário de estudo'!$J$3:$J$530,"CONCLUÍDO")>0,"✔ SIM","—")
A13: Colocação pronominal, pontuação e variação linguística | B13: NÃO | C13: NÃO | D13: NÃO | E13: =SUMIFS('Diário de estudo'!H3:H530,'Diário de estudo'!D3:D530,"LÍNGUA PORTUGUESA",'Diário de estudo'!F3:F530,A13) | F13: =SUMIFS('Diário de estudo'!I3:I530,'Diário de estudo'!D3:D530,"LÍNGUA PORTUGUESA",'Diário de estudo'!F3:F530,A13) | G13: =IFERROR(F13/E13,"") | L13: =IF(COUNTIFS('Diário de estudo'!$D$3:$D$530,"LÍNGUA PORTUGUESA",'Diário de estudo'!$F$3:$F$530,A13,'Diário de estudo'!$J$3:$J$530,"CONCLUÍDO")>0,"✔ SIM","—")
A15: DIREITO CONSTITUCIONAL | K15: =IFERROR(COUNTIF(B16:B23,"SIM")/COUNTA(B16:B23),0) | L15: MATEI NO DIÁRIO?
B16: MATÉRIA ESTUDADA | C16: AULAS / TEORIA | D16: JÁ FIZ QUESTÕES? | E16: QTD. EXERC. | F16: ACERTOS | G16: DESEMP. (%) | H16: REVISÃO 1º | I16: REVISÃO 2º | J16: REVISÃO 3º | K16: ANOTAÇÕES
A17: Constitucionalismo, conceito e classificação das Constituições | B17: NÃO | C17: NÃO | D17: NÃO | E17: =SUMIFS('Diário de estudo'!H3:H530,'Diário de estudo'!D3:D530,"DIREITO CONSTITUCIONAL",'Diário de estudo'!F3:F530,A17) | F17: =SUMIFS('Diário de estudo'!I3:I530,'Diário de estudo'!D3:D530,"DIREITO CONSTITUCIONAL",'Diário de estudo'!F3:F530,A17) | G17: =IFERROR(F17/E17,"") | L17: =IF(COUNTIFS('Diário de estudo'!$D$3:$D$530,"DIREITO CONSTITUCIONAL",'Diário de estudo'!$F$3:$F$530,A17,'Diário de estudo'!$J$3:$J$530,"CONCLUÍDO")>0,"✔ SIM","—")
A18: Eficácia, aplicabilidade e interpretação das normas constitucionais | B18: NÃO | C18: NÃO | D18: NÃO | E18: =SUMIFS('Diário de estudo'!H3:H530,'Diário de estudo'!D3:D530,"DIREITO CONSTITUCIONAL",'Diário de estudo'!F3:F530,A18) | F18: =SUMIFS('Diário de estudo'!I3:I530,'Diário de estudo'!D3:D530,"DIREITO CONSTITUCIONAL",'Diário de estudo'!F3:F530,A18) | G18: =IFERROR(F18/E18,"") | L18: =IF(COUNTIFS('Diário de estudo'!$D$3:$D$530,"DIREITO CONSTITUCIONAL",'Diário de estudo'!$F$3:$F$530,A18,'Diário de estudo'!$J$3:$J$530,"CONCLUÍDO")>0,"✔ SIM","—")
A19: Poder Constituinte e Princípios Fundamentais | B19: NÃO | C19: NÃO | D19: NÃO | E19: =SUMIFS('Diário de estudo'!H3:H530,'Diário de estudo'!D3:D530,"DIREITO CONSTITUCIONAL",'Diário de estudo'!F3:F530,A19) | F19: =SUMIFS('Diário de estudo'!I3:I530,'Diário de estudo'!D3:D530,"DIREITO CONSTITUCIONAL",'Diário de estudo'!F3:F530,A19) | G19: =IFERROR(F19/E19,"") | L19: =IF(COUNTIFS('Diário de estudo'!$D$3:$D$530,"DIREITO CONSTITUCIONAL",'Diário de estudo'!$F$3:$F$530,A19,'Diário de estudo'!$J$3:$J$530,"CONCLUÍDO")>0,"✔ SIM","—")
A20: Direitos e Garantias Fundamentais | B20: NÃO | C20: NÃO | D20: NÃO | E20: =SUMIFS('Diário de estudo'!H3:H530,'Diário de estudo'!D3:D530,"DIREITO CONSTITUCIONAL",'Diário de estudo'!F3:F530,A20) | F20: =SUMIFS('Diário de estudo'!I3:I530,'Diário de estudo'!D3:D530,"DIREITO CONSTITUCIONAL",'Diário de estudo'!F3:F530,A20) | G20: =IFERROR(F20/E20,"") | L20: =IF(COUNTIFS('Diário de estudo'!$D$3:$D$530,"DIREITO CONSTITUCIONAL",'Diário de estudo'!$F$3:$F$530,A20,'Diário de estudo'!$J$3:$J$530,"CONCLUÍDO")>0,"✔ SIM","—")
A21: Organização do Estado e dos Poderes | B21: NÃO | C21: NÃO | D21: NÃO | E21: =SUMIFS('Diário de estudo'!H3:H530,'Diário de estudo'!D3:D530,"DIREITO CONSTITUCIONAL",'Diário de estudo'!F3:F530,A21) | F21: =SUMIFS('Diário de estudo'!I3:I530,'Diário de estudo'!D3:D530,"DIREITO CONSTITUCIONAL",'Diário de estudo'!F3:F530,A21) | G21: =IFERROR(F21/E21,"") | L21: =IF(COUNTIFS('Diário de estudo'!$D$3:$D$530,"DIREITO CONSTITUCIONAL",'Diário de estudo'!$F$3:$F$530,A21,'Diário de estudo'!$J$3:$J$530,"CONCLUÍDO")>0,"✔ SIM","—")
A22: Controle de Constitucionalidade | B22: NÃO | C22: NÃO | D22: NÃO | E22: =SUMIFS('Diário de estudo'!H3:H530,'Diário de estudo'!D3:D530,"DIREITO CONSTITUCIONAL",'Diário de estudo'!F3:F530,A22) | F22: =SUMIFS('Diário de estudo'!I3:I530,'Diário de estudo'!D3:D530,"DIREITO CONSTITUCIONAL",'Diário de estudo'!F3:F530,A22) | G22: =IFERROR(F22/E22,"") | L22: =IF(COUNTIFS('Diário de estudo'!$D$3:$D$530,"DIREITO CONSTITUCIONAL",'Diário de estudo'!$F$3:$F$530,A22,'Diário de estudo'!$J$3:$J$530,"CONCLUÍDO")>0,"✔ SIM","—")
A23: Administração Pública e Servidores Públicos (CF) | B23: NÃO | C23: NÃO | D23: NÃO | E23: =SUMIFS('Diário de estudo'!H3:H530,'Diário de estudo'!D3:D530,"DIREITO CONSTITUCIONAL",'Diário de estudo'!F3:F530,A23) | F23: =SUMIFS('Diário de estudo'!I3:I530,'Diário de estudo'!D3:D530,"DIREITO CONSTITUCIONAL",'Diário de estudo'!F3:F530,A23) | G23: =IFERROR(F23/E23,"") | L23: =IF(COUNTIFS('Diário de estudo'!$D$3:$D$530,"DIREITO CONSTITUCIONAL",'Diário de estudo'!$F$3:$F$530,A23,'Diário de estudo'!$J$3:$J$530,"CONCLUÍDO")>0,"✔ SIM","—")
A24: Tutelas constitucionais (HC, HD, MS, Ação Popular, ACP) | B24: NÃO | C24: NÃO | D24: NÃO | E24: =SUMIFS('Diário de estudo'!H3:H530,'Diário de estudo'!D3:D530,"DIREITO CONSTITUCIONAL",'Diário de estudo'!F3:F530,A24) | F24: =SUMIFS('Diário de estudo'!I3:I530,'Diário de estudo'!D3:D530,"DIREITO CONSTITUCIONAL",'Diário de estudo'!F3:F530,A24) | G24: =IFERROR(F24/E24,"") | L24: =IF(COUNTIFS('Diário de estudo'!$D$3:$D$530,"DIREITO CONSTITUCIONAL",'Diário de estudo'!$F$3:$F$530,A24,'Diário de estudo'!$J$3:$J$530,"CONCLUÍDO")>0,"✔ SIM","—")
A26: DIREITO ADMINISTRATIVO | K26: =IFERROR(COUNTIF(B27:B34,"SIM")/COUNTA(B27:B34),0) | L26: MATEI NO DIÁRIO?
B27: MATÉRIA ESTUDADA | C27: AULAS / TEORIA | D27: JÁ FIZ QUESTÕES? | E27: QTD. EXERC. | F27: ACERTOS | G27: DESEMP. (%) | H27: REVISÃO 1º | I27: REVISÃO 2º | J27: REVISÃO 3º | K27: ANOTAÇÕES
A28: Princípios e Poderes Administrativos | B28: NÃO | C28: NÃO | D28: NÃO | E28: =SUMIFS('Diário de estudo'!H3:H530,'Diário de estudo'!D3:D530,"DIREITO ADMINISTRATIVO",'Diário de estudo'!F3:F530,A28) | F28: =SUMIFS('Diário de estudo'!I3:I530,'Diário de estudo'!D3:D530,"DIREITO ADMINISTRATIVO",'Diário de estudo'!F3:F530,A28) | G28: =IFERROR(F28/E28,"") | L28: =IF(COUNTIFS('Diário de estudo'!$D$3:$D$530,"DIREITO ADMINISTRATIVO",'Diário de estudo'!$F$3:$F$530,A28,'Diário de estudo'!$J$3:$J$530,"CONCLUÍDO")>0,"✔ SIM","—")
A29: Organização Administrativa e Atos Administrativos | B29: NÃO | C29: NÃO | D29: NÃO | E29: =SUMIFS('Diário de estudo'!H3:H530,'Diário de estudo'!D3:D530,"DIREITO ADMINISTRATIVO",'Diário de estudo'!F3:F530,A29) | F29: =SUMIFS('Diário de estudo'!I3:I530,'Diário de estudo'!D3:D530,"DIREITO ADMINISTRATIVO",'Diário de estudo'!F3:F530,A29) | G29: =IFERROR(F29/E29,"") | L29: =IF(COUNTIFS('Diário de estudo'!$D$3:$D$530,"DIREITO ADMINISTRATIVO",'Diário de estudo'!$F$3:$F$530,A29,'Diário de estudo'!$J$3:$J$530,"CONCLUÍDO")>0,"✔ SIM","—")
A30: Responsabilidade Civil do Estado; Controle da Administração | B30: NÃO | C30: NÃO | D30: NÃO | E30: =SUMIFS('Diário de estudo'!H3:H530,'Diário de estudo'!D3:D530,"DIREITO ADMINISTRATIVO",'Diário de estudo'!F3:F530,A30) | F30: =SUMIFS('Diário de estudo'!I3:I530,'Diário de estudo'!D3:D530,"DIREITO ADMINISTRATIVO",'Diário de estudo'!F3:F530,A30) | G30: =IFERROR(F30/E30,"") | L30: =IF(COUNTIFS('Diário de estudo'!$D$3:$D$530,"DIREITO ADMINISTRATIVO",'Diário de estudo'!$F$3:$F$530,A30,'Diário de estudo'!$J$3:$J$530,"CONCLUÍDO")>0,"✔ SIM","—")
A31: Lei 8.666/93, Lei 14.133/2021 e Pregão (Lei 10.520/2002) | B31: NÃO | C31: NÃO | D31: NÃO | E31: =SUMIFS('Diário de estudo'!H3:H530,'Diário de estudo'!D3:D530,"DIREITO ADMINISTRATIVO",'Diário de estudo'!F3:F530,A31) | F31: =SUMIFS('Diário de estudo'!I3:I530,'Diário de estudo'!D3:D530,"DIREITO ADMINISTRATIVO",'Diário de estudo'!F3:F530,A31) | G31: =IFERROR(F31/E31,"") | L31: =IF(COUNTIFS('Diário de estudo'!$D$3:$D$530,"DIREITO ADMINISTRATIVO",'Diário de estudo'!$F$3:$F$530,A31,'Diário de estudo'!$J$3:$J$530,"CONCLUÍDO")>0,"✔ SIM","—")
A32: Serviços Públicos; Agentes Públicos e Concurso Público | B32: NÃO | C32: NÃO | D32: NÃO | E32: =SUMIFS('Diário de estudo'!H3:H530,'Diário de estudo'!D3:D530,"DIREITO ADMINISTRATIVO",'Diário de estudo'!F3:F530,A32) | F32: =SUMIFS('Diário de estudo'!I3:I530,'Diário de estudo'!D3:D530,"DIREITO ADMINISTRATIVO",'Diário de estudo'!F3:F530,A32) | G32: =IFERROR(F32/E32,"") | L32: =IF(COUNTIFS('Diário de estudo'!$D$3:$D$530,"DIREITO ADMINISTRATIVO",'Diário de estudo'!$F$3:$F$530,A32,'Diário de estudo'!$J$3:$J$530,"CONCLUÍDO")>0,"✔ SIM","—")
A33: Improbidade Administrativa | B33: NÃO | C33: NÃO | D33: NÃO | E33: =SUMIFS('Diário de estudo'!H3:H530,'Diário de estudo'!D3:D530,"DIREITO ADMINISTRATIVO",'Diário de estudo'!F3:F530,A33) | F33: =SUMIFS('Diário de estudo'!I3:I530,'Diário de estudo'!D3:D530,"DIREITO ADMINISTRATIVO",'Diário de estudo'!F3:F530,A33) | G33: =IFERROR(F33/E33,"") | L33: =IF(COUNTIFS('Diário de estudo'!$D$3:$D$530,"DIREITO ADMINISTRATIVO",'Diário de estudo'!$F$3:$F$530,A33,'Diário de estudo'!$J$3:$J$530,"CONCLUÍDO")>0,"✔ SIM","—")
A34: Processo Administrativo (Lei 9.784/99) e LAI (Lei 12.527/2011) | B34: NÃO | C34: NÃO | D34: NÃO | E34: =SUMIFS('Diário de estudo'!H3:H530,'Diário de estudo'!D3:D530,"DIREITO ADMINISTRATIVO",'Diário de estudo'!F3:F530,A34) | F34: =SUMIFS('Diário de estudo'!I3:I530,'Diário de estudo'!D3:D530,"DIREITO ADMINISTRATIVO",'Diário de estudo'!F3:F530,A34) | G34: =IFERROR(F34/E34,"") | L34: =IF(COUNTIFS('Diário de estudo'!$D$3:$D$530,"DIREITO ADMINISTRATIVO",'Diário de estudo'!$F$3:$F$530,A34,'Diário de estudo'!$J$3:$J$530,"CONCLUÍDO")>0,"✔ SIM","—")
A35: Lei de Responsabilidade Fiscal (LC 101/2000) | B35: NÃO | C35: NÃO | D35: NÃO | E35: =SUMIFS('Diário de estudo'!H3:H530,'Diário de estudo'!D3:D530,"DIREITO ADMINISTRATIVO",'Diário de estudo'!F3:F530,A35) | F35: =SUMIFS('Diário de estudo'!I3:I530,'Diário de estudo'!D3:D530,"DIREITO ADMINISTRATIVO",'Diário de estudo'!F3:F530,A35) | G35: =IFERROR(F35/E35,"") | L35: =IF(COUNTIFS('Diário de estudo'!$D$3:$D$530,"DIREITO ADMINISTRATIVO",'Diário de estudo'!$F$3:$F$530,A35,'Diário de estudo'!$J$3:$J$530,"CONCLUÍDO")>0,"✔ SIM","—")
A37: LEGISLAÇÃO INSTITUCIONAL MP | K37: =IFERROR(COUNTIF(B38:B42,"SIM")/COUNTA(B38:B42),0) | L37: MATEI NO DIÁRIO?
B38: MATÉRIA ESTUDADA | C38: AULAS / TEORIA | D38: JÁ FIZ QUESTÕES? | E38: QTD. EXERC. | F38: ACERTOS | G38: DESEMP. (%) | H38: REVISÃO 1º | I38: REVISÃO 2º | J38: REVISÃO 3º | K38: ANOTAÇÕES
A39: Lei Orgânica Nacional do MP (Lei 8.625/93) | B39: NÃO | C39: NÃO | D39: NÃO | E39: =SUMIFS('Diário de estudo'!H3:H530,'Diário de estudo'!D3:D530,"LEGISLAÇÃO INSTITUCIONAL MP",'Diário de estudo'!F3:F530,A39) | F39: =SUMIFS('Diário de estudo'!I3:I530,'Diário de estudo'!D3:D530,"LEGISLAÇÃO INSTITUCIONAL MP",'Diário de estudo'!F3:F530,A39) | G39: =IFERROR(F39/E39,"") | L39: =IF(COUNTIFS('Diário de estudo'!$D$3:$D$530,"LEGISLAÇÃO INSTITUCIONAL MP",'Diário de estudo'!$F$3:$F$530,A39,'Diário de estudo'!$J$3:$J$530,"CONCLUÍDO")>0,"✔ SIM","—")
A40: Lei Orgânica do MPMS (LC Estadual 72/1994) | B40: NÃO | C40: NÃO | D40: NÃO | E40: =SUMIFS('Diário de estudo'!H3:H530,'Diário de estudo'!D3:D530,"LEGISLAÇÃO INSTITUCIONAL MP",'Diário de estudo'!F3:F530,A40) | F40: =SUMIFS('Diário de estudo'!I3:I530,'Diário de estudo'!D3:D530,"LEGISLAÇÃO INSTITUCIONAL MP",'Diário de estudo'!F3:F530,A40) | G40: =IFERROR(F40/E40,"") | L40: =IF(COUNTIFS('Diário de estudo'!$D$3:$D$530,"LEGISLAÇÃO INSTITUCIONAL MP",'Diário de estudo'!$F$3:$F$530,A40,'Diário de estudo'!$J$3:$J$530,"CONCLUÍDO")>0,"✔ SIM","—")
A41: Estatuto dos Funcionários Públicos do MS (Lei 1.102/1990) | B41: NÃO | C41: NÃO | D41: NÃO | E41: =SUMIFS('Diário de estudo'!H3:H530,'Diário de estudo'!D3:D530,"LEGISLAÇÃO INSTITUCIONAL MP",'Diário de estudo'!F3:F530,A41) | F41: =SUMIFS('Diário de estudo'!I3:I530,'Diário de estudo'!D3:D530,"LEGISLAÇÃO INSTITUCIONAL MP",'Diário de estudo'!F3:F530,A41) | G41: =IFERROR(F41/E41,"") | L41: =IF(COUNTIFS('Diário de estudo'!$D$3:$D$530,"LEGISLAÇÃO INSTITUCIONAL MP",'Diário de estudo'!$F$3:$F$530,A41,'Diário de estudo'!$J$3:$J$530,"CONCLUÍDO")>0,"✔ SIM","—")
A42: Plano de Cargos/Carreiras MPMS (Lei 4.134/2011) + LGPD (Lei 13.709/2018) | B42: NÃO | C42: NÃO | D42: NÃO | E42: =SUMIFS('Diário de estudo'!H3:H530,'Diário de estudo'!D3:D530,"LEGISLAÇÃO INSTITUCIONAL MP",'Diário de estudo'!F3:F530,A42) | F42: =SUMIFS('Diário de estudo'!I3:I530,'Diário de estudo'!D3:D530,"LEGISLAÇÃO INSTITUCIONAL MP",'Diário de estudo'!F3:F530,A42) | G42: =IFERROR(F42/E42,"") | L42: =IF(COUNTIFS('Diário de estudo'!$D$3:$D$530,"LEGISLAÇÃO INSTITUCIONAL MP",'Diário de estudo'!$F$3:$F$530,A42,'Diário de estudo'!$J$3:$J$530,"CONCLUÍDO")>0,"✔ SIM","—")
A43: Política Antifraude e Código de Ética do MPMS | B43: NÃO | C43: NÃO | D43: NÃO | E43: =SUMIFS('Diário de estudo'!H3:H530,'Diário de estudo'!D3:D530,"LEGISLAÇÃO INSTITUCIONAL MP",'Diário de estudo'!F3:F530,A43) | F43: =SUMIFS('Diário de estudo'!I3:I530,'Diário de estudo'!D3:D530,"LEGISLAÇÃO INSTITUCIONAL MP",'Diário de estudo'!F3:F530,A43) | G43: =IFERROR(F43/E43,"") | L43: =IF(COUNTIFS('Diário de estudo'!$D$3:$D$530,"LEGISLAÇÃO INSTITUCIONAL MP",'Diário de estudo'!$F$3:$F$530,A43,'Diário de estudo'!$J$3:$J$530,"CONCLUÍDO")>0,"✔ SIM","—")
A45: ENGENHARIA DE SOFTWARE | K45: =IFERROR(COUNTIF(B46:B51,"SIM")/COUNTA(B46:B51),0) | L45: MATEI NO DIÁRIO?
B46: MATÉRIA ESTUDADA | C46: AULAS / TEORIA | D46: JÁ FIZ QUESTÕES? | E46: QTD. EXERC. | F46: ACERTOS | G46: DESEMP. (%) | H46: REVISÃO 1º | I46: REVISÃO 2º | J46: REVISÃO 3º | K46: ANOTAÇÕES
A47: Ciclo de vida e metodologias de desenvolvimento (cascata, ágil) | B47: NÃO | C47: NÃO | D47: NÃO | E47: =SUMIFS('Diário de estudo'!H3:H530,'Diário de estudo'!D3:D530,"ENGENHARIA DE SOFTWARE",'Diário de estudo'!F3:F530,A47) | F47: =SUMIFS('Diário de estudo'!I3:I530,'Diário de estudo'!D3:D530,"ENGENHARIA DE SOFTWARE",'Diário de estudo'!F3:F530,A47) | G47: =IFERROR(F47/E47,"") | L47: =IF(COUNTIFS('Diário de estudo'!$D$3:$D$530,"ENGENHARIA DE SOFTWARE",'Diário de estudo'!$F$3:$F$530,A47,'Diário de estudo'!$J$3:$J$530,"CONCLUÍDO")>0,"✔ SIM","—")
A48: Processos interativo/incremental; práticas ágeis; TDD | B48: NÃO | C48: NÃO | D48: NÃO | E48: =SUMIFS('Diário de estudo'!H3:H530,'Diário de estudo'!D3:D530,"ENGENHARIA DE SOFTWARE",'Diário de estudo'!F3:F530,A48) | F48: =SUMIFS('Diário de estudo'!I3:I530,'Diário de estudo'!D3:D530,"ENGENHARIA DE SOFTWARE",'Diário de estudo'!F3:F530,A48) | G48: =IFERROR(F48/E48,"") | L48: =IF(COUNTIFS('Diário de estudo'!$D$3:$D$530,"ENGENHARIA DE SOFTWARE",'Diário de estudo'!$F$3:$F$530,A48,'Diário de estudo'!$J$3:$J$530,"CONCLUÍDO")>0,"✔ SIM","—")
A49: Gerenciamento de ciclo de vida de aplicações; Integração contínua | B49: NÃO | C49: NÃO | D49: NÃO | E49: =SUMIFS('Diário de estudo'!H3:H530,'Diário de estudo'!D3:D530,"ENGENHARIA DE SOFTWARE",'Diário de estudo'!F3:F530,A49) | F49: =SUMIFS('Diário de estudo'!I3:I530,'Diário de estudo'!D3:D530,"ENGENHARIA DE SOFTWARE",'Diário de estudo'!F3:F530,A49) | G49: =IFERROR(F49/E49,"") | L49: =IF(COUNTIFS('Diário de estudo'!$D$3:$D$530,"ENGENHARIA DE SOFTWARE",'Diário de estudo'!$F$3:$F$530,A49,'Diário de estudo'!$J$3:$J$530,"CONCLUÍDO")>0,"✔ SIM","—")
A50: Requisitos: elicitação, histórias de usuário, MVP, prototipação, personas | B50: NÃO | C50: NÃO | D50: NÃO | E50: =SUMIFS('Diário de estudo'!H3:H530,'Diário de estudo'!D3:D530,"ENGENHARIA DE SOFTWARE",'Diário de estudo'!F3:F530,A50) | F50: =SUMIFS('Diário de estudo'!I3:I530,'Diário de estudo'!D3:D530,"ENGENHARIA DE SOFTWARE",'Diário de estudo'!F3:F530,A50) | G50: =IFERROR(F50/E50,"") | L50: =IF(COUNTIFS('Diário de estudo'!$D$3:$D$530,"ENGENHARIA DE SOFTWARE",'Diário de estudo'!$F$3:$F$530,A50,'Diário de estudo'!$J$3:$J$530,"CONCLUÍDO")>0,"✔ SIM","—")
A51: Diagrama Entidade-Relacionamento (ER) e modelagem | B51: NÃO | C51: NÃO | D51: NÃO | E51: =SUMIFS('Diário de estudo'!H3:H530,'Diário de estudo'!D3:D530,"ENGENHARIA DE SOFTWARE",'Diário de estudo'!F3:F530,A51) | F51: =SUMIFS('Diário de estudo'!I3:I530,'Diário de estudo'!D3:D530,"ENGENHARIA DE SOFTWARE",'Diário de estudo'!F3:F530,A51) | G51: =IFERROR(F51/E51,"") | L51: =IF(COUNTIFS('Diário de estudo'!$D$3:$D$530,"ENGENHARIA DE SOFTWARE",'Diário de estudo'!$F$3:$F$530,A51,'Diário de estudo'!$J$3:$J$530,"CONCLUÍDO")>0,"✔ SIM","—")
A52: DevOps e CI/CD (conceitos e ferramentas) | B52: NÃO | C52: NÃO | D52: NÃO | E52: =SUMIFS('Diário de estudo'!H3:H530,'Diário de estudo'!D3:D530,"ENGENHARIA DE SOFTWARE",'Diário de estudo'!F3:F530,A52) | F52: =SUMIFS('Diário de estudo'!I3:I530,'Diário de estudo'!D3:D530,"ENGENHARIA DE SOFTWARE",'Diário de estudo'!F3:F530,A52) | G52: =IFERROR(F52/E52,"") | L52: =IF(COUNTIFS('Diário de estudo'!$D$3:$D$530,"ENGENHARIA DE SOFTWARE",'Diário de estudo'!$F$3:$F$530,A52,'Diário de estudo'!$J$3:$J$530,"CONCLUÍDO")>0,"✔ SIM","—")
A54: ARQUITETURA DE SOFTWARE | K54: =IFERROR(COUNTIF(B55:B61,"SIM")/COUNTA(B55:B61),0) | L54: MATEI NO DIÁRIO?
B55: MATÉRIA ESTUDADA | C55: AULAS / TEORIA | D55: JÁ FIZ QUESTÕES? | E55: QTD. EXERC. | F55: ACERTOS | G55: DESEMP. (%) | H55: REVISÃO 1º | I55: REVISÃO 2º | J55: REVISÃO 3º | K55: ANOTAÇÕES
A56: Padrão MVC; Microsserviços; Arquitetura orientada a eventos | B56: NÃO | C56: NÃO | D56: NÃO | E56: =SUMIFS('Diário de estudo'!H3:H530,'Diário de estudo'!D3:D530,"ARQUITETURA DE SOFTWARE",'Diário de estudo'!F3:F530,A56) | F56: =SUMIFS('Diário de estudo'!I3:I530,'Diário de estudo'!D3:D530,"ARQUITETURA DE SOFTWARE",'Diário de estudo'!F3:F530,A56) | G56: =IFERROR(F56/E56,"") | L56: =IF(COUNTIFS('Diário de estudo'!$D$3:$D$530,"ARQUITETURA DE SOFTWARE",'Diário de estudo'!$F$3:$F$530,A56,'Diário de estudo'!$J$3:$J$530,"CONCLUÍDO")>0,"✔ SIM","—")
A57: Arquitetura Orientada a Serviços (SOA) e interoperabilidade | B57: NÃO | C57: NÃO | D57: NÃO | E57: =SUMIFS('Diário de estudo'!H3:H530,'Diário de estudo'!D3:D530,"ARQUITETURA DE SOFTWARE",'Diário de estudo'!F3:F530,A57) | F57: =SUMIFS('Diário de estudo'!I3:I530,'Diário de estudo'!D3:D530,"ARQUITETURA DE SOFTWARE",'Diário de estudo'!F3:F530,A57) | G57: =IFERROR(F57/E57,"") | L57: =IF(COUNTIFS('Diário de estudo'!$D$3:$D$530,"ARQUITETURA DE SOFTWARE",'Diário de estudo'!$F$3:$F$530,A57,'Diário de estudo'!$J$3:$J$530,"CONCLUÍDO")>0,"✔ SIM","—")
A58: Padrões de projeto (design patterns) e anti-patterns | B58: NÃO | C58: NÃO | D58: NÃO | E58: =SUMIFS('Diário de estudo'!H3:H530,'Diário de estudo'!D3:D530,"ARQUITETURA DE SOFTWARE",'Diário de estudo'!F3:F530,A58) | F58: =SUMIFS('Diário de estudo'!I3:I530,'Diário de estudo'!D3:D530,"ARQUITETURA DE SOFTWARE",'Diário de estudo'!F3:F530,A58) | G58: =IFERROR(F58/E58,"") | L58: =IF(COUNTIFS('Diário de estudo'!$D$3:$D$530,"ARQUITETURA DE SOFTWARE",'Diário de estudo'!$F$3:$F$530,A58,'Diário de estudo'!$J$3:$J$530,"CONCLUÍDO")>0,"✔ SIM","—")
A59: Conteinerização; servidores de aplicação | B59: NÃO | C59: NÃO | D59: NÃO | E59: =SUMIFS('Diário de estudo'!H3:H530,'Diário de estudo'!D3:D530,"ARQUITETURA DE SOFTWARE",'Diário de estudo'!F3:F530,A59) | F59: =SUMIFS('Diário de estudo'!I3:I530,'Diário de estudo'!D3:D530,"ARQUITETURA DE SOFTWARE",'Diário de estudo'!F3:F530,A59) | G59: =IFERROR(F59/E59,"") | L59: =IF(COUNTIFS('Diário de estudo'!$D$3:$D$530,"ARQUITETURA DE SOFTWARE",'Diário de estudo'!$F$3:$F$530,A59,'Diário de estudo'!$J$3:$J$530,"CONCLUÍDO")>0,"✔ SIM","—")
A60: Frameworks de persistência (ORM); serviços de mensageria | B60: NÃO | C60: NÃO | D60: NÃO | E60: =SUMIFS('Diário de estudo'!H3:H530,'Diário de estudo'!D3:D530,"ARQUITETURA DE SOFTWARE",'Diário de estudo'!F3:F530,A60) | F60: =SUMIFS('Diário de estudo'!I3:I530,'Diário de estudo'!D3:D530,"ARQUITETURA DE SOFTWARE",'Diário de estudo'!F3:F530,A60) | G60: =IFERROR(F60/E60,"") | L60: =IF(COUNTIFS('Diário de estudo'!$D$3:$D$530,"ARQUITETURA DE SOFTWARE",'Diário de estudo'!$F$3:$F$530,A60,'Diário de estudo'!$J$3:$J$530,"CONCLUÍDO")>0,"✔ SIM","—")
A61: Padrões SOAP, REST, XML, XSLT, WSDL, JSON, RMI | B61: NÃO | C61: NÃO | D61: NÃO | E61: =SUMIFS('Diário de estudo'!H3:H530,'Diário de estudo'!D3:D530,"ARQUITETURA DE SOFTWARE",'Diário de estudo'!F3:F530,A61) | F61: =SUMIFS('Diário de estudo'!I3:I530,'Diário de estudo'!D3:D530,"ARQUITETURA DE SOFTWARE",'Diário de estudo'!F3:F530,A61) | G61: =IFERROR(F61/E61,"") | L61: =IF(COUNTIFS('Diário de estudo'!$D$3:$D$530,"ARQUITETURA DE SOFTWARE",'Diário de estudo'!$F$3:$F$530,A61,'Diário de estudo'!$J$3:$J$530,"CONCLUÍDO")>0,"✔ SIM","—")
A62: Refatoração, modernização e componentização de software | B62: NÃO | C62: NÃO | D62: NÃO | E62: =SUMIFS('Diário de estudo'!H3:H530,'Diário de estudo'!D3:D530,"ARQUITETURA DE SOFTWARE",'Diário de estudo'!F3:F530,A62) | F62: =SUMIFS('Diário de estudo'!I3:I530,'Diário de estudo'!D3:D530,"ARQUITETURA DE SOFTWARE",'Diário de estudo'!F3:F530,A62) | G62: =IFERROR(F62/E62,"") | L62: =IF(COUNTIFS('Diário de estudo'!$D$3:$D$530,"ARQUITETURA DE SOFTWARE",'Diário de estudo'!$F$3:$F$530,A62,'Diário de estudo'!$J$3:$J$530,"CONCLUÍDO")>0,"✔ SIM","—")
A64: LINGUAGENS DE PROGRAMAÇÃO | K64: =IFERROR(COUNTIF(B65:B70,"SIM")/COUNTA(B65:B70),0) | L64: MATEI NO DIÁRIO?
B65: MATÉRIA ESTUDADA | C65: AULAS / TEORIA | D65: JÁ FIZ QUESTÕES? | E65: QTD. EXERC. | F65: ACERTOS | G65: DESEMP. (%) | H65: REVISÃO 1º | I65: REVISÃO 2º | J65: REVISÃO 3º | K65: ANOTAÇÕES
A66: Orientação a Objetos: pilares e características estruturais | B66: NÃO | C66: NÃO | D66: NÃO | E66: =SUMIFS('Diário de estudo'!H3:H530,'Diário de estudo'!D3:D530,"LINGUAGENS DE PROGRAMAÇÃO",'Diário de estudo'!F3:F530,A66) | F66: =SUMIFS('Diário de estudo'!I3:I530,'Diário de estudo'!D3:D530,"LINGUAGENS DE PROGRAMAÇÃO",'Diário de estudo'!F3:F530,A66) | G66: =IFERROR(F66/E66,"") | L66: =IF(COUNTIFS('Diário de estudo'!$D$3:$D$530,"LINGUAGENS DE PROGRAMAÇÃO",'Diário de estudo'!$F$3:$F$530,A66,'Diário de estudo'!$J$3:$J$530,"CONCLUÍDO")>0,"✔ SIM","—")
A67: Coleções, tipos genéricos, threads e escalonamento | B67: NÃO | C67: NÃO | D67: NÃO | E67: =SUMIFS('Diário de estudo'!H3:H530,'Diário de estudo'!D3:D530,"LINGUAGENS DE PROGRAMAÇÃO",'Diário de estudo'!F3:F530,A67) | F67: =SUMIFS('Diário de estudo'!I3:I530,'Diário de estudo'!D3:D530,"LINGUAGENS DE PROGRAMAÇÃO",'Diário de estudo'!F3:F530,A67) | G67: =IFERROR(F67/E67,"") | L67: =IF(COUNTIFS('Diário de estudo'!$D$3:$D$530,"LINGUAGENS DE PROGRAMAÇÃO",'Diário de estudo'!$F$3:$F$530,A67,'Diário de estudo'!$J$3:$J$530,"CONCLUÍDO")>0,"✔ SIM","—")
A68: Tratamento de exceções e anotações | B68: NÃO | C68: NÃO | D68: NÃO | E68: =SUMIFS('Diário de estudo'!H3:H530,'Diário de estudo'!D3:D530,"LINGUAGENS DE PROGRAMAÇÃO",'Diário de estudo'!F3:F530,A68) | F68: =SUMIFS('Diário de estudo'!I3:I530,'Diário de estudo'!D3:D530,"LINGUAGENS DE PROGRAMAÇÃO",'Diário de estudo'!F3:F530,A68) | G68: =IFERROR(F68/E68,"") | L68: =IF(COUNTIFS('Diário de estudo'!$D$3:$D$530,"LINGUAGENS DE PROGRAMAÇÃO",'Diário de estudo'!$F$3:$F$530,A68,'Diário de estudo'!$J$3:$J$530,"CONCLUÍDO")>0,"✔ SIM","—")
A69: HTML5, CSS3 e JavaScript | B69: NÃO | C69: NÃO | D69: NÃO | E69: =SUMIFS('Diário de estudo'!H3:H530,'Diário de estudo'!D3:D530,"LINGUAGENS DE PROGRAMAÇÃO",'Diário de estudo'!F3:F530,A69) | F69: =SUMIFS('Diário de estudo'!I3:I530,'Diário de estudo'!D3:D530,"LINGUAGENS DE PROGRAMAÇÃO",'Diário de estudo'!F3:F530,A69) | G69: =IFERROR(F69/E69,"") | L69: =IF(COUNTIFS('Diário de estudo'!$D$3:$D$530,"LINGUAGENS DE PROGRAMAÇÃO",'Diário de estudo'!$F$3:$F$530,A69,'Diário de estudo'!$J$3:$J$530,"CONCLUÍDO")>0,"✔ SIM","—")
A70: Python 3.7+ (sintaxe, estruturas, boas práticas) | B70: NÃO | C70: NÃO | D70: NÃO | E70: =SUMIFS('Diário de estudo'!H3:H530,'Diário de estudo'!D3:D530,"LINGUAGENS DE PROGRAMAÇÃO",'Diário de estudo'!F3:F530,A70) | F70: =SUMIFS('Diário de estudo'!I3:I530,'Diário de estudo'!D3:D530,"LINGUAGENS DE PROGRAMAÇÃO",'Diário de estudo'!F3:F530,A70) | G70: =IFERROR(F70/E70,"") | L70: =IF(COUNTIFS('Diário de estudo'!$D$3:$D$530,"LINGUAGENS DE PROGRAMAÇÃO",'Diário de estudo'!$F$3:$F$530,A70,'Diário de estudo'!$J$3:$J$530,"CONCLUÍDO")>0,"✔ SIM","—")
A71: Java Core 8+ (sintaxe, streams, coleções) | B71: NÃO | C71: NÃO | D71: NÃO | E71: =SUMIFS('Diário de estudo'!H3:H530,'Diário de estudo'!D3:D530,"LINGUAGENS DE PROGRAMAÇÃO",'Diário de estudo'!F3:F530,A71) | F71: =SUMIFS('Diário de estudo'!I3:I530,'Diário de estudo'!D3:D530,"LINGUAGENS DE PROGRAMAÇÃO",'Diário de estudo'!F3:F530,A71) | G71: =IFERROR(F71/E71,"") | L71: =IF(COUNTIFS('Diário de estudo'!$D$3:$D$530,"LINGUAGENS DE PROGRAMAÇÃO",'Diário de estudo'!$F$3:$F$530,A71,'Diário de estudo'!$J$3:$J$530,"CONCLUÍDO")>0,"✔ SIM","—")
A73: QUALIDADE DE SOFTWARE | K73: =IFERROR(COUNTIF(B74:B78,"SIM")/COUNTA(B74:B78),0) | L73: MATEI NO DIÁRIO?
B74: MATÉRIA ESTUDADA | C74: AULAS / TEORIA | D74: JÁ FIZ QUESTÕES? | E74: QTD. EXERC. | F74: ACERTOS | G74: DESEMP. (%) | H74: REVISÃO 1º | I74: REVISÃO 2º | J74: REVISÃO 3º | K74: ANOTAÇÕES
A75: Garantia da qualidade e métricas de código | B75: NÃO | C75: NÃO | D75: NÃO | E75: =SUMIFS('Diário de estudo'!H3:H530,'Diário de estudo'!D3:D530,"QUALIDADE DE SOFTWARE",'Diário de estudo'!F3:F530,A75) | F75: =SUMIFS('Diário de estudo'!I3:I530,'Diário de estudo'!D3:D530,"QUALIDADE DE SOFTWARE",'Diário de estudo'!F3:F530,A75) | G75: =IFERROR(F75/E75,"") | L75: =IF(COUNTIFS('Diário de estudo'!$D$3:$D$530,"QUALIDADE DE SOFTWARE",'Diário de estudo'!$F$3:$F$530,A75,'Diário de estudo'!$J$3:$J$530,"CONCLUÍDO")>0,"✔ SIM","—")
A76: Testes: unitário, integração, funcional, aceitação | B76: NÃO | C76: NÃO | D76: NÃO | E76: =SUMIFS('Diário de estudo'!H3:H530,'Diário de estudo'!D3:D530,"QUALIDADE DE SOFTWARE",'Diário de estudo'!F3:F530,A76) | F76: =SUMIFS('Diário de estudo'!I3:I530,'Diário de estudo'!D3:D530,"QUALIDADE DE SOFTWARE",'Diário de estudo'!F3:F530,A76) | G76: =IFERROR(F76/E76,"") | L76: =IF(COUNTIFS('Diário de estudo'!$D$3:$D$530,"QUALIDADE DE SOFTWARE",'Diário de estudo'!$F$3:$F$530,A76,'Diário de estudo'!$J$3:$J$530,"CONCLUÍDO")>0,"✔ SIM","—")
A77: Testes de desempenho, carga e vulnerabilidade | B77: NÃO | C77: NÃO | D77: NÃO | E77: =SUMIFS('Diário de estudo'!H3:H530,'Diário de estudo'!D3:D530,"QUALIDADE DE SOFTWARE",'Diário de estudo'!F3:F530,A77) | F77: =SUMIFS('Diário de estudo'!I3:I530,'Diário de estudo'!D3:D530,"QUALIDADE DE SOFTWARE",'Diário de estudo'!F3:F530,A77) | G77: =IFERROR(F77/E77,"") | L77: =IF(COUNTIFS('Diário de estudo'!$D$3:$D$530,"QUALIDADE DE SOFTWARE",'Diário de estudo'!$F$3:$F$530,A77,'Diário de estudo'!$J$3:$J$530,"CONCLUÍDO")>0,"✔ SIM","—")
A78: Gerência de configuração de software (Git) | B78: NÃO | C78: NÃO | D78: NÃO | E78: =SUMIFS('Diário de estudo'!H3:H530,'Diário de estudo'!D3:D530,"QUALIDADE DE SOFTWARE",'Diário de estudo'!F3:F530,A78) | F78: =SUMIFS('Diário de estudo'!I3:I530,'Diário de estudo'!D3:D530,"QUALIDADE DE SOFTWARE",'Diário de estudo'!F3:F530,A78) | G78: =IFERROR(F78/E78,"") | L78: =IF(COUNTIFS('Diário de estudo'!$D$3:$D$530,"QUALIDADE DE SOFTWARE",'Diário de estudo'!$F$3:$F$530,A78,'Diário de estudo'!$J$3:$J$530,"CONCLUÍDO")>0,"✔ SIM","—")
A79: Conceitos básicos de auditoria de sistemas | B79: NÃO | C79: NÃO | D79: NÃO | E79: =SUMIFS('Diário de estudo'!H3:H530,'Diário de estudo'!D3:D530,"QUALIDADE DE SOFTWARE",'Diário de estudo'!F3:F530,A79) | F79: =SUMIFS('Diário de estudo'!I3:I530,'Diário de estudo'!D3:D530,"QUALIDADE DE SOFTWARE",'Diário de estudo'!F3:F530,A79) | G79: =IFERROR(F79/E79,"") | L79: =IF(COUNTIFS('Diário de estudo'!$D$3:$D$530,"QUALIDADE DE SOFTWARE",'Diário de estudo'!$F$3:$F$530,A79,'Diário de estudo'!$J$3:$J$530,"CONCLUÍDO")>0,"✔ SIM","—")
A81: ESTRUTURA DE DADOS E ALGORITMOS | K81: =IFERROR(COUNTIF(B82:B86,"SIM")/COUNTA(B82:B86),0) | L81: MATEI NO DIÁRIO?
B82: MATÉRIA ESTUDADA | C82: AULAS / TEORIA | D82: JÁ FIZ QUESTÕES? | E82: QTD. EXERC. | F82: ACERTOS | G82: DESEMP. (%) | H82: REVISÃO 1º | I82: REVISÃO 2º | J82: REVISÃO 3º | K82: ANOTAÇÕES
A83: Tipos básicos e abstratos de dados (lista, fila, pilha, árvore) | B83: NÃO | C83: NÃO | D83: NÃO | E83: =SUMIFS('Diário de estudo'!H3:H530,'Diário de estudo'!D3:D530,"ESTRUTURA DE DADOS E ALGORITMOS",'Diário de estudo'!F3:F530,A83) | F83: =SUMIFS('Diário de estudo'!I3:I530,'Diário de estudo'!D3:D530,"ESTRUTURA DE DADOS E ALGORITMOS",'Diário de estudo'!F3:F530,A83) | G83: =IFERROR(F83/E83,"") | L83: =IF(COUNTIFS('Diário de estudo'!$D$3:$D$530,"ESTRUTURA DE DADOS E ALGORITMOS",'Diário de estudo'!$F$3:$F$530,A83,'Diário de estudo'!$J$3:$J$530,"CONCLUÍDO")>0,"✔ SIM","—")
A84: Sub-rotinas: chamada por endereço, referência e valor | B84: NÃO | C84: NÃO | D84: NÃO | E84: =SUMIFS('Diário de estudo'!H3:H530,'Diário de estudo'!D3:D530,"ESTRUTURA DE DADOS E ALGORITMOS",'Diário de estudo'!F3:F530,A84) | F84: =SUMIFS('Diário de estudo'!I3:I530,'Diário de estudo'!D3:D530,"ESTRUTURA DE DADOS E ALGORITMOS",'Diário de estudo'!F3:F530,A84) | G84: =IFERROR(F84/E84,"") | L84: =IF(COUNTIFS('Diário de estudo'!$D$3:$D$530,"ESTRUTURA DE DADOS E ALGORITMOS",'Diário de estudo'!$F$3:$F$530,A84,'Diário de estudo'!$J$3:$J$530,"CONCLUÍDO")>0,"✔ SIM","—")
A85: Algoritmos de pesquisa e ordenação | B85: NÃO | C85: NÃO | D85: NÃO | E85: =SUMIFS('Diário de estudo'!H3:H530,'Diário de estudo'!D3:D530,"ESTRUTURA DE DADOS E ALGORITMOS",'Diário de estudo'!F3:F530,A85) | F85: =SUMIFS('Diário de estudo'!I3:I530,'Diário de estudo'!D3:D530,"ESTRUTURA DE DADOS E ALGORITMOS",'Diário de estudo'!F3:F530,A85) | G85: =IFERROR(F85/E85,"") | L85: =IF(COUNTIFS('Diário de estudo'!$D$3:$D$530,"ESTRUTURA DE DADOS E ALGORITMOS",'Diário de estudo'!$F$3:$F$530,A85,'Diário de estudo'!$J$3:$J$530,"CONCLUÍDO")>0,"✔ SIM","—")
A86: Listas lineares, encadeadas, vetores e matrizes | B86: NÃO | C86: NÃO | D86: NÃO | E86: =SUMIFS('Diário de estudo'!H3:H530,'Diário de estudo'!D3:D530,"ESTRUTURA DE DADOS E ALGORITMOS",'Diário de estudo'!F3:F530,A86) | F86: =SUMIFS('Diário de estudo'!I3:I530,'Diário de estudo'!D3:D530,"ESTRUTURA DE DADOS E ALGORITMOS",'Diário de estudo'!F3:F530,A86) | G86: =IFERROR(F86/E86,"") | L86: =IF(COUNTIFS('Diário de estudo'!$D$3:$D$530,"ESTRUTURA DE DADOS E ALGORITMOS",'Diário de estudo'!$F$3:$F$530,A86,'Diário de estudo'!$J$3:$J$530,"CONCLUÍDO")>0,"✔ SIM","—")
A87: Programação recursiva | B87: NÃO | C87: NÃO | D87: NÃO | E87: =SUMIFS('Diário de estudo'!H3:H530,'Diário de estudo'!D3:D530,"ESTRUTURA DE DADOS E ALGORITMOS",'Diário de estudo'!F3:F530,A87) | F87: =SUMIFS('Diário de estudo'!I3:I530,'Diário de estudo'!D3:D530,"ESTRUTURA DE DADOS E ALGORITMOS",'Diário de estudo'!F3:F530,A87) | G87: =IFERROR(F87/E87,"") | L87: =IF(COUNTIFS('Diário de estudo'!$D$3:$D$530,"ESTRUTURA DE DADOS E ALGORITMOS",'Diário de estudo'!$F$3:$F$530,A87,'Diário de estudo'!$J$3:$J$530,"CONCLUÍDO")>0,"✔ SIM","—")
A89: ARQUITETURA / BANCO DE DADOS | K89: =IFERROR(COUNTIF(B90:B96,"SIM")/COUNTA(B90:B96),0) | L89: MATEI NO DIÁRIO?
B90: MATÉRIA ESTUDADA | C90: AULAS / TEORIA | D90: JÁ FIZ QUESTÕES? | E90: QTD. EXERC. | F90: ACERTOS | G90: DESEMP. (%) | H90: REVISÃO 1º | I90: REVISÃO 2º | J90: REVISÃO 3º | K90: ANOTAÇÕES
A91: Modelagem de dados: conceitual, lógica e física | B91: NÃO | C91: NÃO | D91: NÃO | E91: =SUMIFS('Diário de estudo'!H3:H530,'Diário de estudo'!D3:D530,"ARQUITETURA / BANCO DE DADOS",'Diário de estudo'!F3:F530,A91) | F91: =SUMIFS('Diário de estudo'!I3:I530,'Diário de estudo'!D3:D530,"ARQUITETURA / BANCO DE DADOS",'Diário de estudo'!F3:F530,A91) | G91: =IFERROR(F91/E91,"") | L91: =IF(COUNTIFS('Diário de estudo'!$D$3:$D$530,"ARQUITETURA / BANCO DE DADOS",'Diário de estudo'!$F$3:$F$530,A91,'Diário de estudo'!$J$3:$J$530,"CONCLUÍDO")>0,"✔ SIM","—")
A92: Normalização, integridade referencial e metadados | B92: NÃO | C92: NÃO | D92: NÃO | E92: =SUMIFS('Diário de estudo'!H3:H530,'Diário de estudo'!D3:D530,"ARQUITETURA / BANCO DE DADOS",'Diário de estudo'!F3:F530,A92) | F92: =SUMIFS('Diário de estudo'!I3:I530,'Diário de estudo'!D3:D530,"ARQUITETURA / BANCO DE DADOS",'Diário de estudo'!F3:F530,A92) | G92: =IFERROR(F92/E92,"") | L92: =IF(COUNTIFS('Diário de estudo'!$D$3:$D$530,"ARQUITETURA / BANCO DE DADOS",'Diário de estudo'!$F$3:$F$530,A92,'Diário de estudo'!$J$3:$J$530,"CONCLUÍDO")>0,"✔ SIM","—")
A93: Modelagem dimensional e avaliação de modelos | B93: NÃO | C93: NÃO | D93: NÃO | E93: =SUMIFS('Diário de estudo'!H3:H530,'Diário de estudo'!D3:D530,"ARQUITETURA / BANCO DE DADOS",'Diário de estudo'!F3:F530,A93) | F93: =SUMIFS('Diário de estudo'!I3:I530,'Diário de estudo'!D3:D530,"ARQUITETURA / BANCO DE DADOS",'Diário de estudo'!F3:F530,A93) | G93: =IFERROR(F93/E93,"") | L93: =IF(COUNTIFS('Diário de estudo'!$D$3:$D$530,"ARQUITETURA / BANCO DE DADOS",'Diário de estudo'!$F$3:$F$530,A93,'Diário de estudo'!$J$3:$J$530,"CONCLUÍDO")>0,"✔ SIM","—")
A94: SQL: DDL, DML, DCL, DTL | B94: NÃO | C94: NÃO | D94: NÃO | E94: =SUMIFS('Diário de estudo'!H3:H530,'Diário de estudo'!D3:D530,"ARQUITETURA / BANCO DE DADOS",'Diário de estudo'!F3:F530,A94) | F94: =SUMIFS('Diário de estudo'!I3:I530,'Diário de estudo'!D3:D530,"ARQUITETURA / BANCO DE DADOS",'Diário de estudo'!F3:F530,A94) | G94: =IFERROR(F94/E94,"") | L94: =IF(COUNTIFS('Diário de estudo'!$D$3:$D$530,"ARQUITETURA / BANCO DE DADOS",'Diário de estudo'!$F$3:$F$530,A94,'Diário de estudo'!$J$3:$J$530,"CONCLUÍDO")>0,"✔ SIM","—")
A95: ACID, transações e performance de banco de dados | B95: NÃO | C95: NÃO | D95: NÃO | E95: =SUMIFS('Diário de estudo'!H3:H530,'Diário de estudo'!D3:D530,"ARQUITETURA / BANCO DE DADOS",'Diário de estudo'!F3:F530,A95) | F95: =SUMIFS('Diário de estudo'!I3:I530,'Diário de estudo'!D3:D530,"ARQUITETURA / BANCO DE DADOS",'Diário de estudo'!F3:F530,A95) | G95: =IFERROR(F95/E95,"") | L95: =IF(COUNTIFS('Diário de estudo'!$D$3:$D$530,"ARQUITETURA / BANCO DE DADOS",'Diário de estudo'!$F$3:$F$530,A95,'Diário de estudo'!$J$3:$J$530,"CONCLUÍDO")>0,"✔ SIM","—")
A96: ETL e integração de dados; BI e mapeamento de fontes | B96: NÃO | C96: NÃO | D96: NÃO | E96: =SUMIFS('Diário de estudo'!H3:H530,'Diário de estudo'!D3:D530,"ARQUITETURA / BANCO DE DADOS",'Diário de estudo'!F3:F530,A96) | F96: =SUMIFS('Diário de estudo'!I3:I530,'Diário de estudo'!D3:D530,"ARQUITETURA / BANCO DE DADOS",'Diário de estudo'!F3:F530,A96) | G96: =IFERROR(F96/E96,"") | L96: =IF(COUNTIFS('Diário de estudo'!$D$3:$D$530,"ARQUITETURA / BANCO DE DADOS",'Diário de estudo'!$F$3:$F$530,A96,'Diário de estudo'!$J$3:$J$530,"CONCLUÍDO")>0,"✔ SIM","—")
A97: Manipulação de dados em planilhas; bases multidimensionais | B97: NÃO | C97: NÃO | D97: NÃO | E97: =SUMIFS('Diário de estudo'!H3:H530,'Diário de estudo'!D3:D530,"ARQUITETURA / BANCO DE DADOS",'Diário de estudo'!F3:F530,A97) | F97: =SUMIFS('Diário de estudo'!I3:I530,'Diário de estudo'!D3:D530,"ARQUITETURA / BANCO DE DADOS",'Diário de estudo'!F3:F530,A97) | G97: =IFERROR(F97/E97,"") | L97: =IF(COUNTIFS('Diário de estudo'!$D$3:$D$530,"ARQUITETURA / BANCO DE DADOS",'Diário de estudo'!$F$3:$F$530,A97,'Diário de estudo'!$J$3:$J$530,"CONCLUÍDO")>0,"✔ SIM","—")
A99: SEGURANÇA DA INFORMAÇÃO | K99: =IFERROR(COUNTIF(B100:B102,"SIM")/COUNTA(B100:B102),0) | L99: MATEI NO DIÁRIO?
B100: MATÉRIA ESTUDADA | C100: AULAS / TEORIA | D100: JÁ FIZ QUESTÕES? | E100: QTD. EXERC. | F100: ACERTOS | G100: DESEMP. (%) | H100: REVISÃO 1º | I100: REVISÃO 2º | J100: REVISÃO 3º | K100: ANOTAÇÕES
A101: Desenvolvimento seguro: SAST / DAST / IAST | B101: NÃO | C101: NÃO | D101: NÃO | E101: =SUMIFS('Diário de estudo'!H3:H530,'Diário de estudo'!D3:D530,"SEGURANÇA DA INFORMAÇÃO",'Diário de estudo'!F3:F530,A101) | F101: =SUMIFS('Diário de estudo'!I3:I530,'Diário de estudo'!D3:D530,"SEGURANÇA DA INFORMAÇÃO",'Diário de estudo'!F3:F530,A101) | G101: =IFERROR(F101/E101,"") | L101: =IF(COUNTIFS('Diário de estudo'!$D$3:$D$530,"SEGURANÇA DA INFORMAÇÃO",'Diário de estudo'!$F$3:$F$530,A101,'Diário de estudo'!$J$3:$J$530,"CONCLUÍDO")>0,"✔ SIM","—")
A102: SSO (Single Sign-On) e Autenticação Multifator (MFA) | B102: NÃO | C102: NÃO | D102: NÃO | E102: =SUMIFS('Diário de estudo'!H3:H530,'Diário de estudo'!D3:D530,"SEGURANÇA DA INFORMAÇÃO",'Diário de estudo'!F3:F530,A102) | F102: =SUMIFS('Diário de estudo'!I3:I530,'Diário de estudo'!D3:D530,"SEGURANÇA DA INFORMAÇÃO",'Diário de estudo'!F3:F530,A102) | G102: =IFERROR(F102/E102,"") | L102: =IF(COUNTIFS('Diário de estudo'!$D$3:$D$530,"SEGURANÇA DA INFORMAÇÃO",'Diário de estudo'!$F$3:$F$530,A102,'Diário de estudo'!$J$3:$J$530,"CONCLUÍDO")>0,"✔ SIM","—")
A103: Gestão de identidade e acesso (autenticação, autorização, auditoria) | B103: NÃO | C103: NÃO | D103: NÃO | E103: =SUMIFS('Diário de estudo'!H3:H530,'Diário de estudo'!D3:D530,"SEGURANÇA DA INFORMAÇÃO",'Diário de estudo'!F3:F530,A103) | F103: =SUMIFS('Diário de estudo'!I3:I530,'Diário de estudo'!D3:D530,"SEGURANÇA DA INFORMAÇÃO",'Diário de estudo'!F3:F530,A103) | G103: =IFERROR(F103/E103,"") | L103: =IF(COUNTIFS('Diário de estudo'!$D$3:$D$530,"SEGURANÇA DA INFORMAÇÃO",'Diário de estudo'!$F$3:$F$530,A103,'Diário de estudo'!$J$3:$J$530,"CONCLUÍDO")>0,"✔ SIM","—")

Sheet CONTROLE DE QUESTÕES
A1: CONTROLE DE QUESTÕES POR SEMANA — somado automaticamente do Diário de estudo
A2: MATÉRIA | B2: SEMANA 1 14/09 | E2: SEMANA 2 21/09 | H2: SEMANA 3 28/09 | K2: SEMANA 4 05/10 | N2: SEMANA 5 12/10 | Q2: SEMANA 6 19/10 | T2: SEMANA 7 26/10 | W2: SEMANA 8 02/11 | Z2: SEMANA 9 09/11 | AC2: SEMANA 10 16/11 | AF2: SEMANA 11 23/11 | AI2: SEMANA 12 30/11 | AL2: SEMANA 13 07/12 | AO2: SEMANA 14 14/12 | AR2: SEMANA 15 21/12 | AU2: SEMANA 16 28/12
B3: Nº QUESTÕES | C3: ACERTOS | D3: DESEMP. % | E3: Nº QUESTÕES | F3: ACERTOS | G3: DESEMP. % | H3: Nº QUESTÕES | I3: ACERTOS | J3: DESEMP. % | K3: Nº QUESTÕES | L3: ACERTOS | M3: DESEMP. % | N3: Nº QUESTÕES | O3: ACERTOS | P3: DESEMP. % | Q3: Nº QUESTÕES | R3: ACERTOS | S3: DESEMP. % | T3: Nº QUESTÕES | U3: ACERTOS | V3: DESEMP. % | W3: Nº QUESTÕES | X3: ACERTOS | Y3: DESEMP. % | Z3: Nº QUESTÕES | AA3: ACERTOS | AB3: DESEMP. % | AC3: Nº QUESTÕES | AD3: ACERTOS | AE3: DESEMP. % | AF3: Nº QUESTÕES | AG3: ACERTOS | AH3: DESEMP. % | AI3: Nº QUESTÕES | AJ3: ACERTOS | AK3: DESEMP. % | AL3: Nº QUESTÕES | AM3: ACERTOS | AN3: DESEMP. % | AO3: Nº QUESTÕES | AP3: ACERTOS | AQ3: DESEMP. % | AR3: Nº QUESTÕES | AS3: ACERTOS | AT3: DESEMP. % | AU3: Nº QUESTÕES | AV3: ACERTOS | AW3: DESEMP. %
A4: LÍNGUA PORTUGUESA | B4: =SUMIFS('Diário de estudo'!H3:H530,'Diário de estudo'!D3:D530,$A4,'Diário de estudo'!A3:A530,">="&DATE(2026,9,14),'Diário de estudo'!A3:A530,"<="&DATE(2026,9,20)) | C4: =SUMIFS('Diário de estudo'!I3:I530,'Diário de estudo'!D3:D530,$A4,'Diário de estudo'!A3:A530,">="&DATE(2026,9,14),'Diário de estudo'!A3:A530,"<="&DATE(2026,9,20)) | D4: =IFERROR(C4/B4,"") | E4: =SUMIFS('Diário de estudo'!H3:H530,'Diário de estudo'!D3:D530,$A4,'Diário de estudo'!A3:A530,">="&DATE(2026,9,21),'Diário de estudo'!A3:A530,"<="&DATE(2026,9,27)) | F4: =SUMIFS('Diário de estudo'!I3:I530,'Diário de estudo'!D3:D530,$A4,'Diário de estudo'!A3:A530,">="&DATE(2026,9,21),'Diário de estudo'!A3:A530,"<="&DATE(2026,9,27)) | G4: =IFERROR(F4/E4,"") | H4: =SUMIFS('Diário de estudo'!H3:H530,'Diário de estudo'!D3:D530,$A4,'Diário de estudo'!A3:A530,">="&DATE(2026,9,28),'Diário de estudo'!A3:A530,"<="&DATE(2026,10,4)) | I4: =SUMIFS('Diário de estudo'!I3:I530,'Diário de estudo'!D3:D530,$A4,'Diário de estudo'!A3:A530,">="&DATE(2026,9,28),'Diário de estudo'!A3:A530,"<="&DATE(2026,10,4)) | J4: =IFERROR(I4/H4,"") | K4: =SUMIFS('Diário de estudo'!H3:H530,'Diário de estudo'!D3:D530,$A4,'Diário de estudo'!A3:A530,">="&DATE(2026,10,5),'Diário de estudo'!A3:A530,"<="&DATE(2026,10,11)) | L4: =SUMIFS('Diário de estudo'!I3:I530,'Diário de estudo'!D3:D530,$A4,'Diário de estudo'!A3:A530,">="&DATE(2026,10,5),'Diário de estudo'!A3:A530,"<="&DATE(2026,10,11)) | M4: =IFERROR(L4/K4,"") | N4: =SUMIFS('Diário de estudo'!H3:H530,'Diário de estudo'!D3:D530,$A4,'Diário de estudo'!A3:A530,">="&DATE(2026,10,12),'Diário de estudo'!A3:A530,"<="&DATE(2026,10,18)) | O4: =SUMIFS('Diário de estudo'!I3:I530,'Diário de estudo'!D3:D530,$A4,'Diário de estudo'!A3:A530,">="&DATE(2026,10,12),'Diário de estudo'!A3:A530,"<="&DATE(2026,10,18)) | P4: =IFERROR(O4/N4,"") | Q4: =SUMIFS('Diário de estudo'!H3:H530,'Diário de estudo'!D3:D530,$A4,'Diário de estudo'!A3:A530,">="&DATE(2026,10,19),'Diário de estudo'!A3:A530,"<="&DATE(2026,10,25)) | R4: =SUMIFS('Diário de estudo'!I3:I530,'Diário de estudo'!D3:D530,$A4,'Diário de estudo'!A3:A530,">="&DATE(2026,10,19),'Diário de estudo'!A3:A530,"<="&DATE(2026,10,25)) | S4: =IFERROR(R4/Q4,"") | T4: =SUMIFS('Diário de estudo'!H3:H530,'Diário de estudo'!D3:D530,$A4,'Diário de estudo'!A3:A530,">="&DATE(2026,10,26),'Diário de estudo'!A3:A530,"<="&DATE(2026,11,1)) | U4: =SUMIFS('Diário de estudo'!I3:I530,'Diário de estudo'!D3:D530,$A4,'Diário de estudo'!A3:A530,">="&DATE(2026,10,26),'Diário de estudo'!A3:A530,"<="&DATE(2026,11,1)) | V4: =IFERROR(U4/T4,"") | W4: =SUMIFS('Diário de estudo'!H3:H530,'Diário de estudo'!D3:D530,$A4,'Diário de estudo'!A3:A530,">="&DATE(2026,11,2),'Diário de estudo'!A3:A530,"<="&DATE(2026,11,8)) | X4: =SUMIFS('Diário de estudo'!I3:I530,'Diário de estudo'!D3:D530,$A4,'Diário de estudo'!A3:A530,">="&DATE(2026,11,2),'Diário de estudo'!A3:A530,"<="&DATE(2026,11,8)) | Y4: =IFERROR(X4/W4,"") | Z4: =SUMIFS('Diário de estudo'!H3:H530,'Diário de estudo'!D3:D530,$A4,'Diário de estudo'!A3:A530,">="&DATE(2026,11,9),'Diário de estudo'!A3:A530,"<="&DATE(2026,11,15)) | AA4: =SUMIFS('Diário de estudo'!I3:I530,'Diário de estudo'!D3:D530,$A4,'Diário de estudo'!A3:A530,">="&DATE(2026,11,9),'Diário de estudo'!A3:A530,"<="&DATE(2026,11,15)) | AB4: =IFERROR(AA4/Z4,"") | AC4: =SUMIFS('Diário de estudo'!H3:H530,'Diário de estudo'!D3:D530,$A4,'Diário de estudo'!A3:A530,">="&DATE(2026,11,16),'Diário de estudo'!A3:A530,"<="&DATE(2026,11,22)) | AD4: =SUMIFS('Diário de estudo'!I3:I530,'Diário de estudo'!D3:D530,$A4,'Diário de estudo'!A3:A530,">="&DATE(2026,11,16),'Diário de estudo'!A3:A530,"<="&DATE(2026,11,22)) | AE4: =IFERROR(AD4/AC4,"") | AF4: =SUMIFS('Diário de estudo'!H3:H530,'Diário de estudo'!D3:D530,$A4,'Diário de estudo'!A3:A530,">="&DATE(2026,11,23),'Diário de estudo'!A3:A530,"<="&DATE(2026,11,29)) | AG4: =SUMIFS('Diário de estudo'!I3:I530,'Diário de estudo'!D3:D530,$A4,'Diário de estudo'!A3:A530,">="&DATE(2026,11,23),'Diário de estudo'!A3:A530,"<="&DATE(2026,11,29)) | AH4: =IFERROR(AG4/AF4,"") | AI4: =SUMIFS('Diário de estudo'!H3:H530,'Diário de estudo'!D3:D530,$A4,'Diário de estudo'!A3:A530,">="&DATE(2026,11,30),'Diário de estudo'!A3:A530,"<="&DATE(2026,12,6)) | AJ4: =SUMIFS('Diário de estudo'!I3:I530,'Diário de estudo'!D3:D530,$A4,'Diário de estudo'!A3:A530,">="&DATE(2026,11,30),'Diário de estudo'!A3:A530,"<="&DATE(2026,12,6)) | AK4: =IFERROR(AJ4/AI4,"") | AL4: =SUMIFS('Diário de estudo'!H3:H530,'Diário de estudo'!D3:D530,$A4,'Diário de estudo'!A3:A530,">="&DATE(2026,12,7),'Diário de estudo'!A3:A530,"<="&DATE(2026,12,13)) | AM4: =SUMIFS('Diário de estudo'!I3:I530,'Diário de estudo'!D3:D530,$A4,'Diário de estudo'!A3:A530,">="&DATE(2026,12,7),'Diário de estudo'!A3:A530,"<="&DATE(2026,12,13)) | AN4: =IFERROR(AM4/AL4,"") | AO4: =SUMIFS('Diário de estudo'!H3:H530,'Diário de estudo'!D3:D530,$A4,'Diário de estudo'!A3:A530,">="&DATE(2026,12,14),'Diário de estudo'!A3:A530,"<="&DATE(2026,12,20)) | AP4: =SUMIFS('Diário de estudo'!I3:I530,'Diário de estudo'!D3:D530,$A4,'Diário de estudo'!A3:A530,">="&DATE(2026,12,14),'Diário de estudo'!A3:A530,"<="&DATE(2026,12,20)) | AQ4: =IFERROR(AP4/AO4,"") | AR4: =SUMIFS('Diário de estudo'!H3:H530,'Diário de estudo'!D3:D530,$A4,'Diário de estudo'!A3:A530,">="&DATE(2026,12,21),'Diário de estudo'!A3:A530,"<="&DATE(2026,12,27)) | AS4: =SUMIFS('Diário de estudo'!I3:I530,'Diário de estudo'!D3:D530,$A4,'Diário de estudo'!A3:A530,">="&DATE(2026,12,21),'Diário de estudo'!A3:A530,"<="&DATE(2026,12,27)) | AT4: =IFERROR(AS4/AR4,"") | AU4: =SUMIFS('Diário de estudo'!H3:H530,'Diário de estudo'!D3:D530,$A4,'Diário de estudo'!A3:A530,">="&DATE(2026,12,28),'Diário de estudo'!A3:A530,"<="&DATE(2027,1,3)) | AV4: =SUMIFS('Diário de estudo'!I3:I530,'Diário de estudo'!D3:D530,$A4,'Diário de estudo'!A3:A530,">="&DATE(2026,12,28),'Diário de estudo'!A3:A530,"<="&DATE(2027,1,3)) | AW4: =IFERROR(AV4/AU4,"")
A5: DIREITO CONSTITUCIONAL | B5: =SUMIFS('Diário de estudo'!H3:H530,'Diário de estudo'!D3:D530,$A5,'Diário de estudo'!A3:A530,">="&DATE(2026,9,14),'Diário de estudo'!A3:A530,"<="&DATE(2026,9,20)) | C5: =SUMIFS('Diário de estudo'!I3:I530,'Diário de estudo'!D3:D530,$A5,'Diário de estudo'!A3:A530,">="&DATE(2026,9,14),'Diário de estudo'!A3:A530,"<="&DATE(2026,9,20)) | D5: =IFERROR(C5/B5,"") | E5: =SUMIFS('Diário de estudo'!H3:H530,'Diário de estudo'!D3:D530,$A5,'Diário de estudo'!A3:A530,">="&DATE(2026,9,21),'Diário de estudo'!A3:A530,"<="&DATE(2026,9,27)) | F5: =SUMIFS('Diário de estudo'!I3:I530,'Diário de estudo'!D3:D530,$A5,'Diário de estudo'!A3:A530,">="&DATE(2026,9,21),'Diário de estudo'!A3:A530,"<="&DATE(2026,9,27)) | G5: =IFERROR(F5/E5,"") | H5: =SUMIFS('Diário de estudo'!H3:H530,'Diário de estudo'!D3:D530,$A5,'Diário de estudo'!A3:A530,">="&DATE(2026,9,28),'Diário de estudo'!A3:A530,"<="&DATE(2026,10,4)) | I5: =SUMIFS('Diário de estudo'!I3:I530,'Diário de estudo'!D3:D530,$A5,'Diário de estudo'!A3:A530,">="&DATE(2026,9,28),'Diário de estudo'!A3:A530,"<="&DATE(2026,10,4)) | J5: =IFERROR(I5/H5,"") | K5: =SUMIFS('Diário de estudo'!H3:H530,'Diário de estudo'!D3:D530,$A5,'Diário de estudo'!A3:A530,">="&DATE(2026,10,5),'Diário de estudo'!A3:A530,"<="&DATE(2026,10,11)) | L5: =SUMIFS('Diário de estudo'!I3:I530,'Diário de estudo'!D3:D530,$A5,'Diário de estudo'!A3:A530,">="&DATE(2026,10,5),'Diário de estudo'!A3:A530,"<="&DATE(2026,10,11)) | M5: =IFERROR(L5/K5,"") | N5: =SUMIFS('Diário de estudo'!H3:H530,'Diário de estudo'!D3:D530,$A5,'Diário de estudo'!A3:A530,">="&DATE(2026,10,12),'Diário de estudo'!A3:A530,"<="&DATE(2026,10,18)) | O5: =SUMIFS('Diário de estudo'!I3:I530,'Diário de estudo'!D3:D530,$A5,'Diário de estudo'!A3:A530,">="&DATE(2026,10,12),'Diário de estudo'!A3:A530,"<="&DATE(2026,10,18)) | P5: =IFERROR(O5/N5,"") | Q5: =SUMIFS('Diário de estudo'!H3:H530,'Diário de estudo'!D3:D530,$A5,'Diário de estudo'!A3:A530,">="&DATE(2026,10,19),'Diário de estudo'!A3:A530,"<="&DATE(2026,10,25)) | R5: =SUMIFS('Diário de estudo'!I3:I530,'Diário de estudo'!D3:D530,$A5,'Diário de estudo'!A3:A530,">="&DATE(2026,10,19),'Diário de estudo'!A3:A530,"<="&DATE(2026,10,25)) | S5: =IFERROR(R5/Q5,"") | T5: =SUMIFS('Diário de estudo'!H3:H530,'Diário de estudo'!D3:D530,$A5,'Diário de estudo'!A3:A530,">="&DATE(2026,10,26),'Diário de estudo'!A3:A530,"<="&DATE(2026,11,1)) | U5: =SUMIFS('Diário de estudo'!I3:I530,'Diário de estudo'!D3:D530,$A5,'Diário de estudo'!A3:A530,">="&DATE(2026,10,26),'Diário de estudo'!A3:A530,"<="&DATE(2026,11,1)) | V5: =IFERROR(U5/T5,"") | W5: =SUMIFS('Diário de estudo'!H3:H530,'Diário de estudo'!D3:D530,$A5,'Diário de estudo'!A3:A530,">="&DATE(2026,11,2),'Diário de estudo'!A3:A530,"<="&DATE(2026,11,8)) | X5: =SUMIFS('Diário de estudo'!I3:I530,'Diário de estudo'!D3:D530,$A5,'Diário de estudo'!A3:A530,">="&DATE(2026,11,2),'Diário de estudo'!A3:A530,"<="&DATE(2026,11,8)) | Y5: =IFERROR(X5/W5,"") | Z5: =SUMIFS('Diário de estudo'!H3:H530,'Diário de estudo'!D3:D530,$A5,'Diário de estudo'!A3:A530,">="&DATE(2026,11,9),'Diário de estudo'!A3:A530,"<="&DATE(2026,11,15)) | AA5: =SUMIFS('Diário de estudo'!I3:I530,'Diário de estudo'!D3:D530,$A5,'Diário de estudo'!A3:A530,">="&DATE(2026,11,9),'Diário de estudo'!A3:A530,"<="&DATE(2026,11,15)) | AB5: =IFERROR(AA5/Z5,"") | AC5: =SUMIFS('Diário de estudo'!H3:H530,'Diário de estudo'!D3:D530,$A5,'Diário de estudo'!A3:A530,">="&DATE(2026,11,16),'Diário de estudo'!A3:A530,"<="&DATE(2026,11,22)) | AD5: =SUMIFS('Diário de estudo'!I3:I530,'Diário de estudo'!D3:D530,$A5,'Diário de estudo'!A3:A530,">="&DATE(2026,11,16),'Diário de estudo'!A3:A530,"<="&DATE(2026,11,22)) | AE5: =IFERROR(AD5/AC5,"") | AF5: =SUMIFS('Diário de estudo'!H3:H530,'Diário de estudo'!D3:D530,$A5,'Diário de estudo'!A3:A530,">="&DATE(2026,11,23),'Diário de estudo'!A3:A530,"<="&DATE(2026,11,29)) | AG5: =SUMIFS('Diário de estudo'!I3:I530,'Diário de estudo'!D3:D530,$A5,'Diário de estudo'!A3:A530,">="&DATE(2026,11,23),'Diário de estudo'!A3:A530,"<="&DATE(2026,11,29)) | AH5: =IFERROR(AG5/AF5,"") | AI5: =SUMIFS('Diário de estudo'!H3:H530,'Diário de estudo'!D3:D530,$A5,'Diário de estudo'!A3:A530,">="&DATE(2026,11,30),'Diário de estudo'!A3:A530,"<="&DATE(2026,12,6)) | AJ5: =SUMIFS('Diário de estudo'!I3:I530,'Diário de estudo'!D3:D530,$A5,'Diário de estudo'!A3:A530,">="&DATE(2026,11,30),'Diário de estudo'!A3:A530,"<="&DATE(2026,12,6)) | AK5: =IFERROR(AJ5/AI5,"") | AL5: =SUMIFS('Diário de estudo'!H3:H530,'Diário de estudo'!D3:D530,$A5,'Diário de estudo'!A3:A530,">="&DATE(2026,12,7),'Diário de estudo'!A3:A530,"<="&DATE(2026,12,13)) | AM5: =SUMIFS('Diário de estudo'!I3:I530,'Diário de estudo'!D3:D530,$A5,'Diário de estudo'!A3:A530,">="&DATE(2026,12,7),'Diário de estudo'!A3:A530,"<="&DATE(2026,12,13)) | AN5: =IFERROR(AM5/AL5,"") | AO5: =SUMIFS('Diário de estudo'!H3:H530,'Diário de estudo'!D3:D530,$A5,'Diário de estudo'!A3:A530,">="&DATE(2026,12,14),'Diário de estudo'!A3:A530,"<="&DATE(2026,12,20)) | AP5: =SUMIFS('Diário de estudo'!I3:I530,'Diário de estudo'!D3:D530,$A5,'Diário de estudo'!A3:A530,">="&DATE(2026,12,14),'Diário de estudo'!A3:A530,"<="&DATE(2026,12,20)) | AQ5: =IFERROR(AP5/AO5,"") | AR5: =SUMIFS('Diário de estudo'!H3:H530,'Diário de estudo'!D3:D530,$A5,'Diário de estudo'!A3:A530,">="&DATE(2026,12,21),'Diário de estudo'!A3:A530,"<="&DATE(2026,12,27)) | AS5: =SUMIFS('Diário de estudo'!I3:I530,'Diário de estudo'!D3:D530,$A5,'Diário de estudo'!A3:A530,">="&DATE(2026,12,21),'Diário de estudo'!A3:A530,"<="&DATE(2026,12,27)) | AT5: =IFERROR(AS5/AR5,"") | AU5: =SUMIFS('Diário de estudo'!H3:H530,'Diário de estudo'!D3:D530,$A5,'Diário de estudo'!A3:A530,">="&DATE(2026,12,28),'Diário de estudo'!A3:A530,"<="&DATE(2027,1,3)) | AV5: =SUMIFS('Diário de estudo'!I3:I530,'Diário de estudo'!D3:D530,$A5,'Diário de estudo'!A3:A530,">="&DATE(2026,12,28),'Diário de estudo'!A3:A530,"<="&DATE(2027,1,3)) | AW5: =IFERROR(AV5/AU5,"")
A6: DIREITO ADMINISTRATIVO | B6: =SUMIFS('Diário de estudo'!H3:H530,'Diário de estudo'!D3:D530,$A6,'Diário de estudo'!A3:A530,">="&DATE(2026,9,14),'Diário de estudo'!A3:A530,"<="&DATE(2026,9,20)) | C6: =SUMIFS('Diário de estudo'!I3:I530,'Diário de estudo'!D3:D530,$A6,'Diário de estudo'!A3:A530,">="&DATE(2026,9,14),'Diário de estudo'!A3:A530,"<="&DATE(2026,9,20)) | D6: =IFERROR(C6/B6,"") | E6: =SUMIFS('Diário de estudo'!H3:H530,'Diário de estudo'!D3:D530,$A6,'Diário de estudo'!A3:A530,">="&DATE(2026,9,21),'Diário de estudo'!A3:A530,"<="&DATE(2026,9,27)) | F6: =SUMIFS('Diário de estudo'!I3:I530,'Diário de estudo'!D3:D530,$A6,'Diário de estudo'!A3:A530,">="&DATE(2026,9,21),'Diário de estudo'!A3:A530,"<="&DATE(2026,9,27)) | G6: =IFERROR(F6/E6,"") | H6: =SUMIFS('Diário de estudo'!H3:H530,'Diário de estudo'!D3:D530,$A6,'Diário de estudo'!A3:A530,">="&DATE(2026,9,28),'Diário de estudo'!A3:A530,"<="&DATE(2026,10,4)) | I6: =SUMIFS('Diário de estudo'!I3:I530,'Diário de estudo'!D3:D530,$A6,'Diário de estudo'!A3:A530,">="&DATE(2026,9,28),'Diário de estudo'!A3:A530,"<="&DATE(2026,10,4)) | J6: =IFERROR(I6/H6,"") | K6: =SUMIFS('Diário de estudo'!H3:H530,'Diário de estudo'!D3:D530,$A6,'Diário de estudo'!A3:A530,">="&DATE(2026,10,5),'Diário de estudo'!A3:A530,"<="&DATE(2026,10,11)) | L6: =SUMIFS('Diário de estudo'!I3:I530,'Diário de estudo'!D3:D530,$A6,'Diário de estudo'!A3:A530,">="&DATE(2026,10,5),'Diário de estudo'!A3:A530,"<="&DATE(2026,10,11)) | M6: =IFERROR(L6/K6,"") | N6: =SUMIFS('Diário de estudo'!H3:H530,'Diário de estudo'!D3:D530,$A6,'Diário de estudo'!A3:A530,">="&DATE(2026,10,12),'Diário de estudo'!A3:A530,"<="&DATE(2026,10,18)) | O6: =SUMIFS('Diário de estudo'!I3:I530,'Diário de estudo'!D3:D530,$A6,'Diário de estudo'!A3:A530,">="&DATE(2026,10,12),'Diário de estudo'!A3:A530,"<="&DATE(2026,10,18)) | P6: =IFERROR(O6/N6,"") | Q6: =SUMIFS('Diário de estudo'!H3:H530,'Diário de estudo'!D3:D530,$A6,'Diário de estudo'!A3:A530,">="&DATE(2026,10,19),'Diário de estudo'!A3:A530,"<="&DATE(2026,10,25)) | R6: =SUMIFS('Diário de estudo'!I3:I530,'Diário de estudo'!D3:D530,$A6,'Diário de estudo'!A3:A530,">="&DATE(2026,10,19),'Diário de estudo'!A3:A530,"<="&DATE(2026,10,25)) | S6: =IFERROR(R6/Q6,"") | T6: =SUMIFS('Diário de estudo'!H3:H530,'Diário de estudo'!D3:D530,$A6,'Diário de estudo'!A3:A530,">="&DATE(2026,10,26),'Diário de estudo'!A3:A530,"<="&DATE(2026,11,1)) | U6: =SUMIFS('Diário de estudo'!I3:I530,'Diário de estudo'!D3:D530,$A6,'Diário de estudo'!A3:A530,">="&DATE(2026,10,26),'Diário de estudo'!A3:A530,"<="&DATE(2026,11,1)) | V6: =IFERROR(U6/T6,"") | W6: =SUMIFS('Diário de estudo'!H3:H530,'Diário de estudo'!D3:D530,$A6,'Diário de estudo'!A3:A530,">="&DATE(2026,11,2),'Diário de estudo'!A3:A530,"<="&DATE(2026,11,8)) | X6: =SUMIFS('Diário de estudo'!I3:I530,'Diário de estudo'!D3:D530,$A6,'Diário de estudo'!A3:A530,">="&DATE(2026,11,2),'Diário de estudo'!A3:A530,"<="&DATE(2026,11,8)) | Y6: =IFERROR(X6/W6,"") | Z6: =SUMIFS('Diário de estudo'!H3:H530,'Diário de estudo'!D3:D530,$A6,'Diário de estudo'!A3:A530,">="&DATE(2026,11,9),'Diário de estudo'!A3:A530,"<="&DATE(2026,11,15)) | AA6: =SUMIFS('Diário de estudo'!I3:I530,'Diário de estudo'!D3:D530,$A6,'Diário de estudo'!A3:A530,">="&DATE(2026,11,9),'Diário de estudo'!A3:A530,"<="&DATE(2026,11,15)) | AB6: =IFERROR(AA6/Z6,"") | AC6: =SUMIFS('Diário de estudo'!H3:H530,'Diário de estudo'!D3:D530,$A6,'Diário de estudo'!A3:A530,">="&DATE(2026,11,16),'Diário de estudo'!A3:A530,"<="&DATE(2026,11,22)) | AD6: =SUMIFS('Diário de estudo'!I3:I530,'Diário de estudo'!D3:D530,$A6,'Diário de estudo'!A3:A530,">="&DATE(2026,11,16),'Diário de estudo'!A3:A530,"<="&DATE(2026,11,22)) | AE6: =IFERROR(AD6/AC6,"") | AF6: =SUMIFS('Diário de estudo'!H3:H530,'Diário de estudo'!D3:D530,$A6,'Diário de estudo'!A3:A530,">="&DATE(2026,11,23),'Diário de estudo'!A3:A530,"<="&DATE(2026,11,29)) | AG6: =SUMIFS('Diário de estudo'!I3:I530,'Diário de estudo'!D3:D530,$A6,'Diário de estudo'!A3:A530,">="&DATE(2026,11,23),'Diário de estudo'!A3:A530,"<="&DATE(2026,11,29)) | AH6: =IFERROR(AG6/AF6,"") | AI6: =SUMIFS('Diário de estudo'!H3:H530,'Diário de estudo'!D3:D530,$A6,'Diário de estudo'!A3:A530,">="&DATE(2026,11,30),'Diário de estudo'!A3:A530,"<="&DATE(2026,12,6)) | AJ6: =SUMIFS('Diário de estudo'!I3:I530,'Diário de estudo'!D3:D530,$A6,'Diário de estudo'!A3:A530,">="&DATE(2026,11,30),'Diário de estudo'!A3:A530,"<="&DATE(2026,12,6)) | AK6: =IFERROR(AJ6/AI6,"") | AL6: =SUMIFS('Diário de estudo'!H3:H530,'Diário de estudo'!D3:D530,$A6,'Diário de estudo'!A3:A530,">="&DATE(2026,12,7),'Diário de estudo'!A3:A530,"<="&DATE(2026,12,13)) | AM6: =SUMIFS('Diário de estudo'!I3:I530,'Diário de estudo'!D3:D530,$A6,'Diário de estudo'!A3:A530,">="&DATE(2026,12,7),'Diário de estudo'!A3:A530,"<="&DATE(2026,12,13)) | AN6: =IFERROR(AM6/AL6,"") | AO6: =SUMIFS('Diário de estudo'!H3:H530,'Diário de estudo'!D3:D530,$A6,'Diário de estudo'!A3:A530,">="&DATE(2026,12,14),'Diário de estudo'!A3:A530,"<="&DATE(2026,12,20)) | AP6: =SUMIFS('Diário de estudo'!I3:I530,'Diário de estudo'!D3:D530,$A6,'Diário de estudo'!A3:A530,">="&DATE(2026,12,14),'Diário de estudo'!A3:A530,"<="&DATE(2026,12,20)) | AQ6: =IFERROR(AP6/AO6,"") | AR6: =SUMIFS('Diário de estudo'!H3:H530,'Diário de estudo'!D3:D530,$A6,'Diário de estudo'!A3:A530,">="&DATE(2026,12,21),'Diário de estudo'!A3:A530,"<="&DATE(2026,12,27)) | AS6: =SUMIFS('Diário de estudo'!I3:I530,'Diário de estudo'!D3:D530,$A6,'Diário de estudo'!A3:A530,">="&DATE(2026,12,21),'Diário de estudo'!A3:A530,"<="&DATE(2026,12,27)) | AT6: =IFERROR(AS6/AR6,"") | AU6: =SUMIFS('Diário de estudo'!H3:H530,'Diário de estudo'!D3:D530,$A6,'Diário de estudo'!A3:A530,">="&DATE(2026,12,28),'Diário de estudo'!A3:A530,"<="&DATE(2027,1,3)) | AV6: =SUMIFS('Diário de estudo'!I3:I530,'Diário de estudo'!D3:D530,$A6,'Diário de estudo'!A3:A530,">="&DATE(2026,12,28),'Diário de estudo'!A3:A530,"<="&DATE(2027,1,3)) | AW6: =IFERROR(AV6/AU6,"")
A7: LEGISLAÇÃO INSTITUCIONAL MP | B7: =SUMIFS('Diário de estudo'!H3:H530,'Diário de estudo'!D3:D530,$A7,'Diário de estudo'!A3:A530,">="&DATE(2026,9,14),'Diário de estudo'!A3:A530,"<="&DATE(2026,9,20)) | C7: =SUMIFS('Diário de estudo'!I3:I530,'Diário de estudo'!D3:D530,$A7,'Diário de estudo'!A3:A530,">="&DATE(2026,9,14),'Diário de estudo'!A3:A530,"<="&DATE(2026,9,20)) | D7: =IFERROR(C7/B7,"") | E7: =SUMIFS('Diário de estudo'!H3:H530,'Diário de estudo'!D3:D530,$A7,'Diário de estudo'!A3:A530,">="&DATE(2026,9,21),'Diário de estudo'!A3:A530,"<="&DATE(2026,9,27)) | F7: =SUMIFS('Diário de estudo'!I3:I530,'Diário de estudo'!D3:D530,$A7,'Diário de estudo'!A3:A530,">="&DATE(2026,9,21),'Diário de estudo'!A3:A530,"<="&DATE(2026,9,27)) | G7: =IFERROR(F7/E7,"") | H7: =SUMIFS('Diário de estudo'!H3:H530,'Diário de estudo'!D3:D530,$A7,'Diário de estudo'!A3:A530,">="&DATE(2026,9,28),'Diário de estudo'!A3:A530,"<="&DATE(2026,10,4)) | I7: =SUMIFS('Diário de estudo'!I3:I530,'Diário de estudo'!D3:D530,$A7,'Diário de estudo'!A3:A530,">="&DATE(2026,9,28),'Diário de estudo'!A3:A530,"<="&DATE(2026,10,4)) | J7: =IFERROR(I7/H7,"") | K7: =SUMIFS('Diário de estudo'!H3:H530,'Diário de estudo'!D3:D530,$A7,'Diário de estudo'!A3:A530,">="&DATE(2026,10,5),'Diário de estudo'!A3:A530,"<="&DATE(2026,10,11)) | L7: =SUMIFS('Diário de estudo'!I3:I530,'Diário de estudo'!D3:D530,$A7,'Diário de estudo'!A3:A530,">="&DATE(2026,10,5),'Diário de estudo'!A3:A530,"<="&DATE(2026,10,11)) | M7: =IFERROR(L7/K7,"") | N7: =SUMIFS('Diário de estudo'!H3:H530,'Diário de estudo'!D3:D530,$A7,'Diário de estudo'!A3:A530,">="&DATE(2026,10,12),'Diário de estudo'!A3:A530,"<="&DATE(2026,10,18)) | O7: =SUMIFS('Diário de estudo'!I3:I530,'Diário de estudo'!D3:D530,$A7,'Diário de estudo'!A3:A530,">="&DATE(2026,10,12),'Diário de estudo'!A3:A530,"<="&DATE(2026,10,18)) | P7: =IFERROR(O7/N7,"") | Q7: =SUMIFS('Diário de estudo'!H3:H530,'Diário de estudo'!D3:D530,$A7,'Diário de estudo'!A3:A530,">="&DATE(2026,10,19),'Diário de estudo'!A3:A530,"<="&DATE(2026,10,25)) | R7: =SUMIFS('Diário de estudo'!I3:I530,'Diário de estudo'!D3:D530,$A7,'Diário de estudo'!A3:A530,">="&DATE(2026,10,19),'Diário de estudo'!A3:A530,"<="&DATE(2026,10,25)) | S7: =IFERROR(R7/Q7,"") | T7: =SUMIFS('Diário de estudo'!H3:H530,'Diário de estudo'!D3:D530,$A7,'Diário de estudo'!A3:A530,">="&DATE(2026,10,26),'Diário de estudo'!A3:A530,"<="&DATE(2026,11,1)) | U7: =SUMIFS('Diário de estudo'!I3:I530,'Diário de estudo'!D3:D530,$A7,'Diário de estudo'!A3:A530,">="&DATE(2026,10,26),'Diário de estudo'!A3:A530,"<="&DATE(2026,11,1)) | V7: =IFERROR(U7/T7,"") | W7: =SUMIFS('Diário de estudo'!H3:H530,'Diário de estudo'!D3:D530,$A7,'Diário de estudo'!A3:A530,">="&DATE(2026,11,2),'Diário de estudo'!A3:A530,"<="&DATE(2026,11,8)) | X7: =SUMIFS('Diário de estudo'!I3:I530,'Diário de estudo'!D3:D530,$A7,'Diário de estudo'!A3:A530,">="&DATE(2026,11,2),'Diário de estudo'!A3:A530,"<="&DATE(2026,11,8)) | Y7: =IFERROR(X7/W7,"") | Z7: =SUMIFS('Diário de estudo'!H3:H530,'Diário de estudo'!D3:D530,$A7,'Diário de estudo'!A3:A530,">="&DATE(2026,11,9),'Diário de estudo'!A3:A530,"<="&DATE(2026,11,15)) | AA7: =SUMIFS('Diário de estudo'!I3:I530,'Diário de estudo'!D3:D530,$A7,'Diário de estudo'!A3:A530,">="&DATE(2026,11,9),'Diário de estudo'!A3:A530,"<="&DATE(2026,11,15)) | AB7: =IFERROR(AA7/Z7,"") | AC7: =SUMIFS('Diário de estudo'!H3:H530,'Diário de estudo'!D3:D530,$A7,'Diário de estudo'!A3:A530,">="&DATE(2026,11,16),'Diário de estudo'!A3:A530,"<="&DATE(2026,11,22)) | AD7: =SUMIFS('Diário de estudo'!I3:I530,'Diário de estudo'!D3:D530,$A7,'Diário de estudo'!A3:A530,">="&DATE(2026,11,16),'Diário de estudo'!A3:A530,"<="&DATE(2026,11,22)) | AE7: =IFERROR(AD7/AC7,"") | AF7: =SUMIFS('Diário de estudo'!H3:H530,'Diário de estudo'!D3:D530,$A7,'Diário de estudo'!A3:A530,">="&DATE(2026,11,23),'Diário de estudo'!A3:A530,"<="&DATE(2026,11,29)) | AG7: =SUMIFS('Diário de estudo'!I3:I530,'Diário de estudo'!D3:D530,$A7,'Diário de estudo'!A3:A530,">="&DATE(2026,11,23),'Diário de estudo'!A3:A530,"<="&DATE(2026,11,29)) | AH7: =IFERROR(AG7/AF7,"") | AI7: =SUMIFS('Diário de estudo'!H3:H530,'Diário de estudo'!D3:D530,$A7,'Diário de estudo'!A3:A530,">="&DATE(2026,11,30),'Diário de estudo'!A3:A530,"<="&DATE(2026,12,6)) | AJ7: =SUMIFS('Diário de estudo'!I3:I530,'Diário de estudo'!D3:D530,$A7,'Diário de estudo'!A3:A530,">="&DATE(2026,11,30),'Diário de estudo'!A3:A530,"<="&DATE(2026,12,6)) | AK7: =IFERROR(AJ7/AI7,"") | AL7: =SUMIFS('Diário de estudo'!H3:H530,'Diário de estudo'!D3:D530,$A7,'Diário de estudo'!A3:A530,">="&DATE(2026,12,7),'Diário de estudo'!A3:A530,"<="&DATE(2026,12,13)) | AM7: =SUMIFS('Diário de estudo'!I3:I530,'Diário de estudo'!D3:D530,$A7,'Diário de estudo'!A3:A530,">="&DATE(2026,12,7),'Diário de estudo'!A3:A530,"<="&DATE(2026,12,13)) | AN7: =IFERROR(AM7/AL7,"") | AO7: =SUMIFS('Diário de estudo'!H3:H530,'Diário de estudo'!D3:D530,$A7,'Diário de estudo'!A3:A530,">="&DATE(2026,12,14),'Diário de estudo'!A3:A530,"<="&DATE(2026,12,20)) | AP7: =SUMIFS('Diário de estudo'!I3:I530,'Diário de estudo'!D3:D530,$A7,'Diário de estudo'!A3:A530,">="&DATE(2026,12,14),'Diário de estudo'!A3:A530,"<="&DATE(2026,12,20)) | AQ7: =IFERROR(AP7/AO7,"") | AR7: =SUMIFS('Diário de estudo'!H3:H530,'Diário de estudo'!D3:D530,$A7,'Diário de estudo'!A3:A530,">="&DATE(2026,12,21),'Diário de estudo'!A3:A530,"<="&DATE(2026,12,27)) | AS7: =SUMIFS('Diário de estudo'!I3:I530,'Diário de estudo'!D3:D530,$A7,'Diário de estudo'!A3:A530,">="&DATE(2026,12,21),'Diário de estudo'!A3:A530,"<="&DATE(2026,12,27)) | AT7: =IFERROR(AS7/AR7,"") | AU7: =SUMIFS('Diário de estudo'!H3:H530,'Diário de estudo'!D3:D530,$A7,'Diário de estudo'!A3:A530,">="&DATE(2026,12,28),'Diário de estudo'!A3:A530,"<="&DATE(2027,1,3)) | AV7: =SUMIFS('Diário de estudo'!I3:I530,'Diário de estudo'!D3:D530,$A7,'Diário de estudo'!A3:A530,">="&DATE(2026,12,28),'Diário de estudo'!A3:A530,"<="&DATE(2027,1,3)) | AW7: =IFERROR(AV7/AU7,"")
A8: ENGENHARIA DE SOFTWARE | B8: =SUMIFS('Diário de estudo'!H3:H530,'Diário de estudo'!D3:D530,$A8,'Diário de estudo'!A3:A530,">="&DATE(2026,9,14),'Diário de estudo'!A3:A530,"<="&DATE(2026,9,20)) | C8: =SUMIFS('Diário de estudo'!I3:I530,'Diário de estudo'!D3:D530,$A8,'Diário de estudo'!A3:A530,">="&DATE(2026,9,14),'Diário de estudo'!A3:A530,"<="&DATE(2026,9,20)) | D8: =IFERROR(C8/B8,"") | E8: =SUMIFS('Diário de estudo'!H3:H530,'Diário de estudo'!D3:D530,$A8,'Diário de estudo'!A3:A530,">="&DATE(2026,9,21),'Diário de estudo'!A3:A530,"<="&DATE(2026,9,27)) | F8: =SUMIFS('Diário de estudo'!I3:I530,'Diário de estudo'!D3:D530,$A8,'Diário de estudo'!A3:A530,">="&DATE(2026,9,21),'Diário de estudo'!A3:A530,"<="&DATE(2026,9,27)) | G8: =IFERROR(F8/E8,"") | H8: =SUMIFS('Diário de estudo'!H3:H530,'Diário de estudo'!D3:D530,$A8,'Diário de estudo'!A3:A530,">="&DATE(2026,9,28),'Diário de estudo'!A3:A530,"<="&DATE(2026,10,4)) | I8: =SUMIFS('Diário de estudo'!I3:I530,'Diário de estudo'!D3:D530,$A8,'Diário de estudo'!A3:A530,">="&DATE(2026,9,28),'Diário de estudo'!A3:A530,"<="&DATE(2026,10,4)) | J8: =IFERROR(I8/H8,"") | K8: =SUMIFS('Diário de estudo'!H3:H530,'Diário de estudo'!D3:D530,$A8,'Diário de estudo'!A3:A530,">="&DATE(2026,10,5),'Diário de estudo'!A3:A530,"<="&DATE(2026,10,11)) | L8: =SUMIFS('Diário de estudo'!I3:I530,'Diário de estudo'!D3:D530,$A8,'Diário de estudo'!A3:A530,">="&DATE(2026,10,5),'Diário de estudo'!A3:A530,"<="&DATE(2026,10,11)) | M8: =IFERROR(L8/K8,"") | N8: =SUMIFS('Diário de estudo'!H3:H530,'Diário de estudo'!D3:D530,$A8,'Diário de estudo'!A3:A530,">="&DATE(2026,10,12),'Diário de estudo'!A3:A530,"<="&DATE(2026,10,18)) | O8: =SUMIFS('Diário de estudo'!I3:I530,'Diário de estudo'!D3:D530,$A8,'Diário de estudo'!A3:A530,">="&DATE(2026,10,12),'Diário de estudo'!A3:A530,"<="&DATE(2026,10,18)) | P8: =IFERROR(O8/N8,"") | Q8: =SUMIFS('Diário de estudo'!H3:H530,'Diário de estudo'!D3:D530,$A8,'Diário de estudo'!A3:A530,">="&DATE(2026,10,19),'Diário de estudo'!A3:A530,"<="&DATE(2026,10,25)) | R8: =SUMIFS('Diário de estudo'!I3:I530,'Diário de estudo'!D3:D530,$A8,'Diário de estudo'!A3:A530,">="&DATE(2026,10,19),'Diário de estudo'!A3:A530,"<="&DATE(2026,10,25)) | S8: =IFERROR(R8/Q8,"") | T8: =SUMIFS('Diário de estudo'!H3:H530,'Diário de estudo'!D3:D530,$A8,'Diário de estudo'!A3:A530,">="&DATE(2026,10,26),'Diário de estudo'!A3:A530,"<="&DATE(2026,11,1)) | U8: =SUMIFS('Diário de estudo'!I3:I530,'Diário de estudo'!D3:D530,$A8,'Diário de estudo'!A3:A530,">="&DATE(2026,10,26),'Diário de estudo'!A3:A530,"<="&DATE(2026,11,1)) | V8: =IFERROR(U8/T8,"") | W8: =SUMIFS('Diário de estudo'!H3:H530,'Diário de estudo'!D3:D530,$A8,'Diário de estudo'!A3:A530,">="&DATE(2026,11,2),'Diário de estudo'!A3:A530,"<="&DATE(2026,11,8)) | X8: =SUMIFS('Diário de estudo'!I3:I530,'Diário de estudo'!D3:D530,$A8,'Diário de estudo'!A3:A530,">="&DATE(2026,11,2),'Diário de estudo'!A3:A530,"<="&DATE(2026,11,8)) | Y8: =IFERROR(X8/W8,"") | Z8: =SUMIFS('Diário de estudo'!H3:H530,'Diário de estudo'!D3:D530,$A8,'Diário de estudo'!A3:A530,">="&DATE(2026,11,9),'Diário de estudo'!A3:A530,"<="&DATE(2026,11,15)) | AA8: =SUMIFS('Diário de estudo'!I3:I530,'Diário de estudo'!D3:D530,$A8,'Diário de estudo'!A3:A530,">="&DATE(2026,11,9),'Diário de estudo'!A3:A530,"<="&DATE(2026,11,15)) | AB8: =IFERROR(AA8/Z8,"") | AC8: =SUMIFS('Diário de estudo'!H3:H530,'Diário de estudo'!D3:D530,$A8,'Diário de estudo'!A3:A530,">="&DATE(2026,11,16),'Diário de estudo'!A3:A530,"<="&DATE(2026,11,22)) | AD8: =SUMIFS('Diário de estudo'!I3:I530,'Diário de estudo'!D3:D530,$A8,'Diário de estudo'!A3:A530,">="&DATE(2026,11,16),'Diário de estudo'!A3:A530,"<="&DATE(2026,11,22)) | AE8: =IFERROR(AD8/AC8,"") | AF8: =SUMIFS('Diário de estudo'!H3:H530,'Diário de estudo'!D3:D530,$A8,'Diário de estudo'!A3:A530,">="&DATE(2026,11,23),'Diário de estudo'!A3:A530,"<="&DATE(2026,11,29)) | AG8: =SUMIFS('Diário de estudo'!I3:I530,'Diário de estudo'!D3:D530,$A8,'Diário de estudo'!A3:A530,">="&DATE(2026,11,23),'Diário de estudo'!A3:A530,"<="&DATE(2026,11,29)) | AH8: =IFERROR(AG8/AF8,"") | AI8: =SUMIFS('Diário de estudo'!H3:H530,'Diário de estudo'!D3:D530,$A8,'Diário de estudo'!A3:A530,">="&DATE(2026,11,30),'Diário de estudo'!A3:A530,"<="&DATE(2026,12,6)) | AJ8: =SUMIFS('Diário de estudo'!I3:I530,'Diário de estudo'!D3:D530,$A8,'Diário de estudo'!A3:A530,">="&DATE(2026,11,30),'Diário de estudo'!A3:A530,"<="&DATE(2026,12,6)) | AK8: =IFERROR(AJ8/AI8,"") | AL8: =SUMIFS('Diário de estudo'!H3:H530,'Diário de estudo'!D3:D530,$A8,'Diário de estudo'!A3:A530,">="&DATE(2026,12,7),'Diário de estudo'!A3:A530,"<="&DATE(2026,12,13)) | AM8: =SUMIFS('Diário de estudo'!I3:I530,'Diário de estudo'!D3:D530,$A8,'Diário de estudo'!A3:A530,">="&DATE(2026,12,7),'Diário de estudo'!A3:A530,"<="&DATE(2026,12,13)) | AN8: =IFERROR(AM8/AL8,"") | AO8: =SUMIFS('Diário de estudo'!H3:H530,'Diário de estudo'!D3:D530,$A8,'Diário de estudo'!A3:A530,">="&DATE(2026,12,14),'Diário de estudo'!A3:A530,"<="&DATE(2026,12,20)) | AP8: =SUMIFS('Diário de estudo'!I3:I530,'Diário de estudo'!D3:D530,$A8,'Diário de estudo'!A3:A530,">="&DATE(2026,12,14),'Diário de estudo'!A3:A530,"<="&DATE(2026,12,20)) | AQ8: =IFERROR(AP8/AO8,"") | AR8: =SUMIFS('Diário de estudo'!H3:H530,'Diário de estudo'!D3:D530,$A8,'Diário de estudo'!A3:A530,">="&DATE(2026,12,21),'Diário de estudo'!A3:A530,"<="&DATE(2026,12,27)) | AS8: =SUMIFS('Diário de estudo'!I3:I530,'Diário de estudo'!D3:D530,$A8,'Diário de estudo'!A3:A530,">="&DATE(2026,12,21),'Diário de estudo'!A3:A530,"<="&DATE(2026,12,27)) | AT8: =IFERROR(AS8/AR8,"") | AU8: =SUMIFS('Diário de estudo'!H3:H530,'Diário de estudo'!D3:D530,$A8,'Diário de estudo'!A3:A530,">="&DATE(2026,12,28),'Diário de estudo'!A3:A530,"<="&DATE(2027,1,3)) | AV8: =SUMIFS('Diário de estudo'!I3:I530,'Diário de estudo'!D3:D530,$A8,'Diário de estudo'!A3:A530,">="&DATE(2026,12,28),'Diário de estudo'!A3:A530,"<="&DATE(2027,1,3)) | AW8: =IFERROR(AV8/AU8,"")
A9: ARQUITETURA DE SOFTWARE | B9: =SUMIFS('Diário de estudo'!H3:H530,'Diário de estudo'!D3:D530,$A9,'Diário de estudo'!A3:A530,">="&DATE(2026,9,14),'Diário de estudo'!A3:A530,"<="&DATE(2026,9,20)) | C9: =SUMIFS('Diário de estudo'!I3:I530,'Diário de estudo'!D3:D530,$A9,'Diário de estudo'!A3:A530,">="&DATE(2026,9,14),'Diário de estudo'!A3:A530,"<="&DATE(2026,9,20)) | D9: =IFERROR(C9/B9,"") | E9: =SUMIFS('Diário de estudo'!H3:H530,'Diário de estudo'!D3:D530,$A9,'Diário de estudo'!A3:A530,">="&DATE(2026,9,21),'Diário de estudo'!A3:A530,"<="&DATE(2026,9,27)) | F9: =SUMIFS('Diário de estudo'!I3:I530,'Diário de estudo'!D3:D530,$A9,'Diário de estudo'!A3:A530,">="&DATE(2026,9,21),'Diário de estudo'!A3:A530,"<="&DATE(2026,9,27)) | G9: =IFERROR(F9/E9,"") | H9: =SUMIFS('Diário de estudo'!H3:H530,'Diário de estudo'!D3:D530,$A9,'Diário de estudo'!A3:A530,">="&DATE(2026,9,28),'Diário de estudo'!A3:A530,"<="&DATE(2026,10,4)) | I9: =SUMIFS('Diário de estudo'!I3:I530,'Diário de estudo'!D3:D530,$A9,'Diário de estudo'!A3:A530,">="&DATE(2026,9,28),'Diário de estudo'!A3:A530,"<="&DATE(2026,10,4)) | J9: =IFERROR(I9/H9,"") | K9: =SUMIFS('Diário de estudo'!H3:H530,'Diário de estudo'!D3:D530,$A9,'Diário de estudo'!A3:A530,">="&DATE(2026,10,5),'Diário de estudo'!A3:A530,"<="&DATE(2026,10,11)) | L9: =SUMIFS('Diário de estudo'!I3:I530,'Diário de estudo'!D3:D530,$A9,'Diário de estudo'!A3:A530,">="&DATE(2026,10,5),'Diário de estudo'!A3:A530,"<="&DATE(2026,10,11)) | M9: =IFERROR(L9/K9,"") | N9: =SUMIFS('Diário de estudo'!H3:H530,'Diário de estudo'!D3:D530,$A9,'Diário de estudo'!A3:A530,">="&DATE(2026,10,12),'Diário de estudo'!A3:A530,"<="&DATE(2026,10,18)) | O9: =SUMIFS('Diário de estudo'!I3:I530,'Diário de estudo'!D3:D530,$A9,'Diário de estudo'!A3:A530,">="&DATE(2026,10,12),'Diário de estudo'!A3:A530,"<="&DATE(2026,10,18)) | P9: =IFERROR(O9/N9,"") | Q9: =SUMIFS('Diário de estudo'!H3:H530,'Diário de estudo'!D3:D530,$A9,'Diário de estudo'!A3:A530,">="&DATE(2026,10,19),'Diário de estudo'!A3:A530,"<="&DATE(2026,10,25)) | R9: =SUMIFS('Diário de estudo'!I3:I530,'Diário de estudo'!D3:D530,$A9,'Diário de estudo'!A3:A530,">="&DATE(2026,10,19),'Diário de estudo'!A3:A530,"<="&DATE(2026,10,25)) | S9: =IFERROR(R9/Q9,"") | T9: =SUMIFS('Diário de estudo'!H3:H530,'Diário de estudo'!D3:D530,$A9,'Diário de estudo'!A3:A530,">="&DATE(2026,10,26),'Diário de estudo'!A3:A530,"<="&DATE(2026,11,1)) | U9: =SUMIFS('Diário de estudo'!I3:I530,'Diário de estudo'!D3:D530,$A9,'Diário de estudo'!A3:A530,">="&DATE(2026,10,26),'Diário de estudo'!A3:A530,"<="&DATE(2026,11,1)) | V9: =IFERROR(U9/T9,"") | W9: =SUMIFS('Diário de estudo'!H3:H530,'Diário de estudo'!D3:D530,$A9,'Diário de estudo'!A3:A530,">="&DATE(2026,11,2),'Diário de estudo'!A3:A530,"<="&DATE(2026,11,8)) | X9: =SUMIFS('Diário de estudo'!I3:I530,'Diário de estudo'!D3:D530,$A9,'Diário de estudo'!A3:A530,">="&DATE(2026,11,2),'Diário de estudo'!A3:A530,"<="&DATE(2026,11,8)) | Y9: =IFERROR(X9/W9,"") | Z9: =SUMIFS('Diário de estudo'!H3:H530,'Diário de estudo'!D3:D530,$A9,'Diário de estudo'!A3:A530,">="&DATE(2026,11,9),'Diário de estudo'!A3:A530,"<="&DATE(2026,11,15)) | AA9: =SUMIFS('Diário de estudo'!I3:I530,'Diário de estudo'!D3:D530,$A9,'Diário de estudo'!A3:A530,">="&DATE(2026,11,9),'Diário de estudo'!A3:A530,"<="&DATE(2026,11,15)) | AB9: =IFERROR(AA9/Z9,"") | AC9: =SUMIFS('Diário de estudo'!H3:H530,'Diário de estudo'!D3:D530,$A9,'Diário de estudo'!A3:A530,">="&DATE(2026,11,16),'Diário de estudo'!A3:A530,"<="&DATE(2026,11,22)) | AD9: =SUMIFS('Diário de estudo'!I3:I530,'Diário de estudo'!D3:D530,$A9,'Diário de estudo'!A3:A530,">="&DATE(2026,11,16),'Diário de estudo'!A3:A530,"<="&DATE(2026,11,22)) | AE9: =IFERROR(AD9/AC9,"") | AF9: =SUMIFS('Diário de estudo'!H3:H530,'Diário de estudo'!D3:D530,$A9,'Diário de estudo'!A3:A530,">="&DATE(2026,11,23),'Diário de estudo'!A3:A530,"<="&DATE(2026,11,29)) | AG9: =SUMIFS('Diário de estudo'!I3:I530,'Diário de estudo'!D3:D530,$A9,'Diário de estudo'!A3:A530,">="&DATE(2026,11,23),'Diário de estudo'!A3:A530,"<="&DATE(2026,11,29)) | AH9: =IFERROR(AG9/AF9,"") | AI9: =SUMIFS('Diário de estudo'!H3:H530,'Diário de estudo'!D3:D530,$A9,'Diário de estudo'!A3:A530,">="&DATE(2026,11,30),'Diário de estudo'!A3:A530,"<="&DATE(2026,12,6)) | AJ9: =SUMIFS('Diário de estudo'!I3:I530,'Diário de estudo'!D3:D530,$A9,'Diário de estudo'!A3:A530,">="&DATE(2026,11,30),'Diário de estudo'!A3:A530,"<="&DATE(2026,12,6)) | AK9: =IFERROR(AJ9/AI9,"") | AL9: =SUMIFS('Diário de estudo'!H3:H530,'Diário de estudo'!D3:D530,$A9,'Diário de estudo'!A3:A530,">="&DATE(2026,12,7),'Diário de estudo'!A3:A530,"<="&DATE(2026,12,13)) | AM9: =SUMIFS('Diário de estudo'!I3:I530,'Diário de estudo'!D3:D530,$A9,'Diário de estudo'!A3:A530,">="&DATE(2026,12,7),'Diário de estudo'!A3:A530,"<="&DATE(2026,12,13)) | AN9: =IFERROR(AM9/AL9,"") | AO9: =SUMIFS('Diário de estudo'!H3:H530,'Diário de estudo'!D3:D530,$A9,'Diário de estudo'!A3:A530,">="&DATE(2026,12,14),'Diário de estudo'!A3:A530,"<="&DATE(2026,12,20)) | AP9: =SUMIFS('Diário de estudo'!I3:I530,'Diário de estudo'!D3:D530,$A9,'Diário de estudo'!A3:A530,">="&DATE(2026,12,14),'Diário de estudo'!A3:A530,"<="&DATE(2026,12,20)) | AQ9: =IFERROR(AP9/AO9,"") | AR9: =SUMIFS('Diário de estudo'!H3:H530,'Diário de estudo'!D3:D530,$A9,'Diário de estudo'!A3:A530,">="&DATE(2026,12,21),'Diário de estudo'!A3:A530,"<="&DATE(2026,12,27)) | AS9: =SUMIFS('Diário de estudo'!I3:I530,'Diário de estudo'!D3:D530,$A9,'Diário de estudo'!A3:A530,">="&DATE(2026,12,21),'Diário de estudo'!A3:A530,"<="&DATE(2026,12,27)) | AT9: =IFERROR(AS9/AR9,"") | AU9: =SUMIFS('Diário de estudo'!H3:H530,'Diário de estudo'!D3:D530,$A9,'Diário de estudo'!A3:A530,">="&DATE(2026,12,28),'Diário de estudo'!A3:A530,"<="&DATE(2027,1,3)) | AV9: =SUMIFS('Diário de estudo'!I3:I530,'Diário de estudo'!D3:D530,$A9,'Diário de estudo'!A3:A530,">="&DATE(2026,12,28),'Diário de estudo'!A3:A530,"<="&DATE(2027,1,3)) | AW9: =IFERROR(AV9/AU9,"")
A10: LINGUAGENS DE PROGRAMAÇÃO | B10: =SUMIFS('Diário de estudo'!H3:H530,'Diário de estudo'!D3:D530,$A10,'Diário de estudo'!A3:A530,">="&DATE(2026,9,14),'Diário de estudo'!A3:A530,"<="&DATE(2026,9,20)) | C10: =SUMIFS('Diário de estudo'!I3:I530,'Diário de estudo'!D3:D530,$A10,'Diário de estudo'!A3:A530,">="&DATE(2026,9,14),'Diário de estudo'!A3:A530,"<="&DATE(2026,9,20)) | D10: =IFERROR(C10/B10,"") | E10: =SUMIFS('Diário de estudo'!H3:H530,'Diário de estudo'!D3:D530,$A10,'Diário de estudo'!A3:A530,">="&DATE(2026,9,21),'Diário de estudo'!A3:A530,"<="&DATE(2026,9,27)) | F10: =SUMIFS('Diário de estudo'!I3:I530,'Diário de estudo'!D3:D530,$A10,'Diário de estudo'!A3:A530,">="&DATE(2026,9,21),'Diário de estudo'!A3:A530,"<="&DATE(2026,9,27)) | G10: =IFERROR(F10/E10,"") | H10: =SUMIFS('Diário de estudo'!H3:H530,'Diário de estudo'!D3:D530,$A10,'Diário de estudo'!A3:A530,">="&DATE(2026,9,28),'Diário de estudo'!A3:A530,"<="&DATE(2026,10,4)) | I10: =SUMIFS('Diário de estudo'!I3:I530,'Diário de estudo'!D3:D530,$A10,'Diário de estudo'!A3:A530,">="&DATE(2026,9,28),'Diário de estudo'!A3:A530,"<="&DATE(2026,10,4)) | J10: =IFERROR(I10/H10,"") | K10: =SUMIFS('Diário de estudo'!H3:H530,'Diário de estudo'!D3:D530,$A10,'Diário de estudo'!A3:A530,">="&DATE(2026,10,5),'Diário de estudo'!A3:A530,"<="&DATE(2026,10,11)) | L10: =SUMIFS('Diário de estudo'!I3:I530,'Diário de estudo'!D3:D530,$A10,'Diário de estudo'!A3:A530,">="&DATE(2026,10,5),'Diário de estudo'!A3:A530,"<="&DATE(2026,10,11)) | M10: =IFERROR(L10/K10,"") | N10: =SUMIFS('Diário de estudo'!H3:H530,'Diário de estudo'!D3:D530,$A10,'Diário de estudo'!A3:A530,">="&DATE(2026,10,12),'Diário de estudo'!A3:A530,"<="&DATE(2026,10,18)) | O10: =SUMIFS('Diário de estudo'!I3:I530,'Diário de estudo'!D3:D530,$A10,'Diário de estudo'!A3:A530,">="&DATE(2026,10,12),'Diário de estudo'!A3:A530,"<="&DATE(2026,10,18)) | P10: =IFERROR(O10/N10,"") | Q10: =SUMIFS('Diário de estudo'!H3:H530,'Diário de estudo'!D3:D530,$A10,'Diário de estudo'!A3:A530,">="&DATE(2026,10,19),'Diário de estudo'!A3:A530,"<="&DATE(2026,10,25)) | R10: =SUMIFS('Diário de estudo'!I3:I530,'Diário de estudo'!D3:D530,$A10,'Diário de estudo'!A3:A530,">="&DATE(2026,10,19),'Diário de estudo'!A3:A530,"<="&DATE(2026,10,25)) | S10: =IFERROR(R10/Q10,"") | T10: =SUMIFS('Diário de estudo'!H3:H530,'Diário de estudo'!D3:D530,$A10,'Diário de estudo'!A3:A530,">="&DATE(2026,10,26),'Diário de estudo'!A3:A530,"<="&DATE(2026,11,1)) | U10: =SUMIFS('Diário de estudo'!I3:I530,'Diário de estudo'!D3:D530,$A10,'Diário de estudo'!A3:A530,">="&DATE(2026,10,26),'Diário de estudo'!A3:A530,"<="&DATE(2026,11,1)) | V10: =IFERROR(U10/T10,"") | W10: =SUMIFS('Diário de estudo'!H3:H530,'Diário de estudo'!D3:D530,$A10,'Diário de estudo'!A3:A530,">="&DATE(2026,11,2),'Diário de estudo'!A3:A530,"<="&DATE(2026,11,8)) | X10: =SUMIFS('Diário de estudo'!I3:I530,'Diário de estudo'!D3:D530,$A10,'Diário de estudo'!A3:A530,">="&DATE(2026,11,2),'Diário de estudo'!A3:A530,"<="&DATE(2026,11,8)) | Y10: =IFERROR(X10/W10,"") | Z10: =SUMIFS('Diário de estudo'!H3:H530,'Diário de estudo'!D3:D530,$A10,'Diário de estudo'!A3:A530,">="&DATE(2026,11,9),'Diário de estudo'!A3:A530,"<="&DATE(2026,11,15)) | AA10: =SUMIFS('Diário de estudo'!I3:I530,'Diário de estudo'!D3:D530,$A10,'Diário de estudo'!A3:A530,">="&DATE(2026,11,9),'Diário de estudo'!A3:A530,"<="&DATE(2026,11,15)) | AB10: =IFERROR(AA10/Z10,"") | AC10: =SUMIFS('Diário de estudo'!H3:H530,'Diário de estudo'!D3:D530,$A10,'Diário de estudo'!A3:A530,">="&DATE(2026,11,16),'Diário de estudo'!A3:A530,"<="&DATE(2026,11,22)) | AD10: =SUMIFS('Diário de estudo'!I3:I530,'Diário de estudo'!D3:D530,$A10,'Diário de estudo'!A3:A530,">="&DATE(2026,11,16),'Diário de estudo'!A3:A530,"<="&DATE(2026,11,22)) | AE10: =IFERROR(AD10/AC10,"") | AF10: =SUMIFS('Diário de estudo'!H3:H530,'Diário de estudo'!D3:D530,$A10,'Diário de estudo'!A3:A530,">="&DATE(2026,11,23),'Diário de estudo'!A3:A530,"<="&DATE(2026,11,29)) | AG10: =SUMIFS('Diário de estudo'!I3:I530,'Diário de estudo'!D3:D530,$A10,'Diário de estudo'!A3:A530,">="&DATE(2026,11,23),'Diário de estudo'!A3:A530,"<="&DATE(2026,11,29)) | AH10: =IFERROR(AG10/AF10,"") | AI10: =SUMIFS('Diário de estudo'!H3:H530,'Diário de estudo'!D3:D530,$A10,'Diário de estudo'!A3:A530,">="&DATE(2026,11,30),'Diário de estudo'!A3:A530,"<="&DATE(2026,12,6)) | AJ10: =SUMIFS('Diário de estudo'!I3:I530,'Diário de estudo'!D3:D530,$A10,'Diário de estudo'!A3:A530,">="&DATE(2026,11,30),'Diário de estudo'!A3:A530,"<="&DATE(2026,12,6)) | AK10: =IFERROR(AJ10/AI10,"") | AL10: =SUMIFS('Diário de estudo'!H3:H530,'Diário de estudo'!D3:D530,$A10,'Diário de estudo'!A3:A530,">="&DATE(2026,12,7),'Diário de estudo'!A3:A530,"<="&DATE(2026,12,13)) | AM10: =SUMIFS('Diário de estudo'!I3:I530,'Diário de estudo'!D3:D530,$A10,'Diário de estudo'!A3:A530,">="&DATE(2026,12,7),'Diário de estudo'!A3:A530,"<="&DATE(2026,12,13)) | AN10: =IFERROR(AM10/AL10,"") | AO10: =SUMIFS('Diário de estudo'!H3:H530,'Diário de estudo'!D3:D530,$A10,'Diário de estudo'!A3:A530,">="&DATE(2026,12,14),'Diário de estudo'!A3:A530,"<="&DATE(2026,12,20)) | AP10: =SUMIFS('Diário de estudo'!I3:I530,'Diário de estudo'!D3:D530,$A10,'Diário de estudo'!A3:A530,">="&DATE(2026,12,14),'Diário de estudo'!A3:A530,"<="&DATE(2026,12,20)) | AQ10: =IFERROR(AP10/AO10,"") | AR10: =SUMIFS('Diário de estudo'!H3:H530,'Diário de estudo'!D3:D530,$A10,'Diário de estudo'!A3:A530,">="&DATE(2026,12,21),'Diário de estudo'!A3:A530,"<="&DATE(2026,12,27)) | AS10: =SUMIFS('Diário de estudo'!I3:I530,'Diário de estudo'!D3:D530,$A10,'Diário de estudo'!A3:A530,">="&DATE(2026,12,21),'Diário de estudo'!A3:A530,"<="&DATE(2026,12,27)) | AT10: =IFERROR(AS10/AR10,"") | AU10: =SUMIFS('Diário de estudo'!H3:H530,'Diário de estudo'!D3:D530,$A10,'Diário de estudo'!A3:A530,">="&DATE(2026,12,28),'Diário de estudo'!A3:A530,"<="&DATE(2027,1,3)) | AV10: =SUMIFS('Diário de estudo'!I3:I530,'Diário de estudo'!D3:D530,$A10,'Diário de estudo'!A3:A530,">="&DATE(2026,12,28),'Diário de estudo'!A3:A530,"<="&DATE(2027,1,3)) | AW10: =IFERROR(AV10/AU10,"")
A11: QUALIDADE DE SOFTWARE | B11: =SUMIFS('Diário de estudo'!H3:H530,'Diário de estudo'!D3:D530,$A11,'Diário de estudo'!A3:A530,">="&DATE(2026,9,14),'Diário de estudo'!A3:A530,"<="&DATE(2026,9,20)) | C11: =SUMIFS('Diário de estudo'!I3:I530,'Diário de estudo'!D3:D530,$A11,'Diário de estudo'!A3:A530,">="&DATE(2026,9,14),'Diário de estudo'!A3:A530,"<="&DATE(2026,9,20)) | D11: =IFERROR(C11/B11,"") | E11: =SUMIFS('Diário de estudo'!H3:H530,'Diário de estudo'!D3:D530,$A11,'Diário de estudo'!A3:A530,">="&DATE(2026,9,21),'Diário de estudo'!A3:A530,"<="&DATE(2026,9,27)) | F11: =SUMIFS('Diário de estudo'!I3:I530,'Diário de estudo'!D3:D530,$A11,'Diário de estudo'!A3:A530,">="&DATE(2026,9,21),'Diário de estudo'!A3:A530,"<="&DATE(2026,9,27)) | G11: =IFERROR(F11/E11,"") | H11: =SUMIFS('Diário de estudo'!H3:H530,'Diário de estudo'!D3:D530,$A11,'Diário de estudo'!A3:A530,">="&DATE(2026,9,28),'Diário de estudo'!A3:A530,"<="&DATE(2026,10,4)) | I11: =SUMIFS('Diário de estudo'!I3:I530,'Diário de estudo'!D3:D530,$A11,'Diário de estudo'!A3:A530,">="&DATE(2026,9,28),'Diário de estudo'!A3:A530,"<="&DATE(2026,10,4)) | J11: =IFERROR(I11/H11,"") | K11: =SUMIFS('Diário de estudo'!H3:H530,'Diário de estudo'!D3:D530,$A11,'Diário de estudo'!A3:A530,">="&DATE(2026,10,5),'Diário de estudo'!A3:A530,"<="&DATE(2026,10,11)) | L11: =SUMIFS('Diário de estudo'!I3:I530,'Diário de estudo'!D3:D530,$A11,'Diário de estudo'!A3:A530,">="&DATE(2026,10,5),'Diário de estudo'!A3:A530,"<="&DATE(2026,10,11)) | M11: =IFERROR(L11/K11,"") | N11: =SUMIFS('Diário de estudo'!H3:H530,'Diário de estudo'!D3:D530,$A11,'Diário de estudo'!A3:A530,">="&DATE(2026,10,12),'Diário de estudo'!A3:A530,"<="&DATE(2026,10,18)) | O11: =SUMIFS('Diário de estudo'!I3:I530,'Diário de estudo'!D3:D530,$A11,'Diário de estudo'!A3:A530,">="&DATE(2026,10,12),'Diário de estudo'!A3:A530,"<="&DATE(2026,10,18)) | P11: =IFERROR(O11/N11,"") | Q11: =SUMIFS('Diário de estudo'!H3:H530,'Diário de estudo'!D3:D530,$A11,'Diário de estudo'!A3:A530,">="&DATE(2026,10,19),'Diário de estudo'!A3:A530,"<="&DATE(2026,10,25)) | R11: =SUMIFS('Diário de estudo'!I3:I530,'Diário de estudo'!D3:D530,$A11,'Diário de estudo'!A3:A530,">="&DATE(2026,10,19),'Diário de estudo'!A3:A530,"<="&DATE(2026,10,25)) | S11: =IFERROR(R11/Q11,"") | T11: =SUMIFS('Diário de estudo'!H3:H530,'Diário de estudo'!D3:D530,$A11,'Diário de estudo'!A3:A530,">="&DATE(2026,10,26),'Diário de estudo'!A3:A530,"<="&DATE(2026,11,1)) | U11: =SUMIFS('Diário de estudo'!I3:I530,'Diário de estudo'!D3:D530,$A11,'Diário de estudo'!A3:A530,">="&DATE(2026,10,26),'Diário de estudo'!A3:A530,"<="&DATE(2026,11,1)) | V11: =IFERROR(U11/T11,"") | W11: =SUMIFS('Diário de estudo'!H3:H530,'Diário de estudo'!D3:D530,$A11,'Diário de estudo'!A3:A530,">="&DATE(2026,11,2),'Diário de estudo'!A3:A530,"<="&DATE(2026,11,8)) | X11: =SUMIFS('Diário de estudo'!I3:I530,'Diário de estudo'!D3:D530,$A11,'Diário de estudo'!A3:A530,">="&DATE(2026,11,2),'Diário de estudo'!A3:A530,"<="&DATE(2026,11,8)) | Y11: =IFERROR(X11/W11,"") | Z11: =SUMIFS('Diário de estudo'!H3:H530,'Diário de estudo'!D3:D530,$A11,'Diário de estudo'!A3:A530,">="&DATE(2026,11,9),'Diário de estudo'!A3:A530,"<="&DATE(2026,11,15)) | AA11: =SUMIFS('Diário de estudo'!I3:I530,'Diário de estudo'!D3:D530,$A11,'Diário de estudo'!A3:A530,">="&DATE(2026,11,9),'Diário de estudo'!A3:A530,"<="&DATE(2026,11,15)) | AB11: =IFERROR(AA11/Z11,"") | AC11: =SUMIFS('Diário de estudo'!H3:H530,'Diário de estudo'!D3:D530,$A11,'Diário de estudo'!A3:A530,">="&DATE(2026,11,16),'Diário de estudo'!A3:A530,"<="&DATE(2026,11,22)) | AD11: =SUMIFS('Diário de estudo'!I3:I530,'Diário de estudo'!D3:D530,$A11,'Diário de estudo'!A3:A530,">="&DATE(2026,11,16),'Diário de estudo'!A3:A530,"<="&DATE(2026,11,22)) | AE11: =IFERROR(AD11/AC11,"") | AF11: =SUMIFS('Diário de estudo'!H3:H530,'Diário de estudo'!D3:D530,$A11,'Diário de estudo'!A3:A530,">="&DATE(2026,11,23),'Diário de estudo'!A3:A530,"<="&DATE(2026,11,29)) | AG11: =SUMIFS('Diário de estudo'!I3:I530,'Diário de estudo'!D3:D530,$A11,'Diário de estudo'!A3:A530,">="&DATE(2026,11,23),'Diário de estudo'!A3:A530,"<="&DATE(2026,11,29)) | AH11: =IFERROR(AG11/AF11,"") | AI11: =SUMIFS('Diário de estudo'!H3:H530,'Diário de estudo'!D3:D530,$A11,'Diário de estudo'!A3:A530,">="&DATE(2026,11,30),'Diário de estudo'!A3:A530,"<="&DATE(2026,12,6)) | AJ11: =SUMIFS('Diário de estudo'!I3:I530,'Diário de estudo'!D3:D530,$A11,'Diário de estudo'!A3:A530,">="&DATE(2026,11,30),'Diário de estudo'!A3:A530,"<="&DATE(2026,12,6)) | AK11: =IFERROR(AJ11/AI11,"") | AL11: =SUMIFS('Diário de estudo'!H3:H530,'Diário de estudo'!D3:D530,$A11,'Diário de estudo'!A3:A530,">="&DATE(2026,12,7),'Diário de estudo'!A3:A530,"<="&DATE(2026,12,13)) | AM11: =SUMIFS('Diário de estudo'!I3:I530,'Diário de estudo'!D3:D530,$A11,'Diário de estudo'!A3:A530,">="&DATE(2026,12,7),'Diário de estudo'!A3:A530,"<="&DATE(2026,12,13)) | AN11: =IFERROR(AM11/AL11,"") | AO11: =SUMIFS('Diário de estudo'!H3:H530,'Diário de estudo'!D3:D530,$A11,'Diário de estudo'!A3:A530,">="&DATE(2026,12,14),'Diário de estudo'!A3:A530,"<="&DATE(2026,12,20)) | AP11: =SUMIFS('Diário de estudo'!I3:I530,'Diário de estudo'!D3:D530,$A11,'Diário de estudo'!A3:A530,">="&DATE(2026,12,14),'Diário de estudo'!A3:A530,"<="&DATE(2026,12,20)) | AQ11: =IFERROR(AP11/AO11,"") | AR11: =SUMIFS('Diário de estudo'!H3:H530,'Diário de estudo'!D3:D530,$A11,'Diário de estudo'!A3:A530,">="&DATE(2026,12,21),'Diário de estudo'!A3:A530,"<="&DATE(2026,12,27)) | AS11: =SUMIFS('Diário de estudo'!I3:I530,'Diário de estudo'!D3:D530,$A11,'Diário de estudo'!A3:A530,">="&DATE(2026,12,21),'Diário de estudo'!A3:A530,"<="&DATE(2026,12,27)) | AT11: =IFERROR(AS11/AR11,"") | AU11: =SUMIFS('Diário de estudo'!H3:H530,'Diário de estudo'!D3:D530,$A11,'Diário de estudo'!A3:A530,">="&DATE(2026,12,28),'Diário de estudo'!A3:A530,"<="&DATE(2027,1,3)) | AV11: =SUMIFS('Diário de estudo'!I3:I530,'Diário de estudo'!D3:D530,$A11,'Diário de estudo'!A3:A530,">="&DATE(2026,12,28),'Diário de estudo'!A3:A530,"<="&DATE(2027,1,3)) | AW11: =IFERROR(AV11/AU11,"")
A12: ESTRUTURA DE DADOS E ALGORITMOS | B12: =SUMIFS('Diário de estudo'!H3:H530,'Diário de estudo'!D3:D530,$A12,'Diário de estudo'!A3:A530,">="&DATE(2026,9,14),'Diário de estudo'!A3:A530,"<="&DATE(2026,9,20)) | C12: =SUMIFS('Diário de estudo'!I3:I530,'Diário de estudo'!D3:D530,$A12,'Diário de estudo'!A3:A530,">="&DATE(2026,9,14),'Diário de estudo'!A3:A530,"<="&DATE(2026,9,20)) | D12: =IFERROR(C12/B12,"") | E12: =SUMIFS('Diário de estudo'!H3:H530,'Diário de estudo'!D3:D530,$A12,'Diário de estudo'!A3:A530,">="&DATE(2026,9,21),'Diário de estudo'!A3:A530,"<="&DATE(2026,9,27)) | F12: =SUMIFS('Diário de estudo'!I3:I530,'Diário de estudo'!D3:D530,$A12,'Diário de estudo'!A3:A530,">="&DATE(2026,9,21),'Diário de estudo'!A3:A530,"<="&DATE(2026,9,27)) | G12: =IFERROR(F12/E12,"") | H12: =SUMIFS('Diário de estudo'!H3:H530,'Diário de estudo'!D3:D530,$A12,'Diário de estudo'!A3:A530,">="&DATE(2026,9,28),'Diário de estudo'!A3:A530,"<="&DATE(2026,10,4)) | I12: =SUMIFS('Diário de estudo'!I3:I530,'Diário de estudo'!D3:D530,$A12,'Diário de estudo'!A3:A530,">="&DATE(2026,9,28),'Diário de estudo'!A3:A530,"<="&DATE(2026,10,4)) | J12: =IFERROR(I12/H12,"") | K12: =SUMIFS('Diário de estudo'!H3:H530,'Diário de estudo'!D3:D530,$A12,'Diário de estudo'!A3:A530,">="&DATE(2026,10,5),'Diário de estudo'!A3:A530,"<="&DATE(2026,10,11)) | L12: =SUMIFS('Diário de estudo'!I3:I530,'Diário de estudo'!D3:D530,$A12,'Diário de estudo'!A3:A530,">="&DATE(2026,10,5),'Diário de estudo'!A3:A530,"<="&DATE(2026,10,11)) | M12: =IFERROR(L12/K12,"") | N12: =SUMIFS('Diário de estudo'!H3:H530,'Diário de estudo'!D3:D530,$A12,'Diário de estudo'!A3:A530,">="&DATE(2026,10,12),'Diário de estudo'!A3:A530,"<="&DATE(2026,10,18)) | O12: =SUMIFS('Diário de estudo'!I3:I530,'Diário de estudo'!D3:D530,$A12,'Diário de estudo'!A3:A530,">="&DATE(2026,10,12),'Diário de estudo'!A3:A530,"<="&DATE(2026,10,18)) | P12: =IFERROR(O12/N12,"") | Q12: =SUMIFS('Diário de estudo'!H3:H530,'Diário de estudo'!D3:D530,$A12,'Diário de estudo'!A3:A530,">="&DATE(2026,10,19),'Diário de estudo'!A3:A530,"<="&DATE(2026,10,25)) | R12: =SUMIFS('Diário de estudo'!I3:I530,'Diário de estudo'!D3:D530,$A12,'Diário de estudo'!A3:A530,">="&DATE(2026,10,19),'Diário de estudo'!A3:A530,"<="&DATE(2026,10,25)) | S12: =IFERROR(R12/Q12,"") | T12: =SUMIFS('Diário de estudo'!H3:H530,'Diário de estudo'!D3:D530,$A12,'Diário de estudo'!A3:A530,">="&DATE(2026,10,26),'Diário de estudo'!A3:A530,"<="&DATE(2026,11,1)) | U12: =SUMIFS('Diário de estudo'!I3:I530,'Diário de estudo'!D3:D530,$A12,'Diário de estudo'!A3:A530,">="&DATE(2026,10,26),'Diário de estudo'!A3:A530,"<="&DATE(2026,11,1)) | V12: =IFERROR(U12/T12,"") | W12: =SUMIFS('Diário de estudo'!H3:H530,'Diário de estudo'!D3:D530,$A12,'Diário de estudo'!A3:A530,">="&DATE(2026,11,2),'Diário de estudo'!A3:A530,"<="&DATE(2026,11,8)) | X12: =SUMIFS('Diário de estudo'!I3:I530,'Diário de estudo'!D3:D530,$A12,'Diário de estudo'!A3:A530,">="&DATE(2026,11,2),'Diário de estudo'!A3:A530,"<="&DATE(2026,11,8)) | Y12: =IFERROR(X12/W12,"") | Z12: =SUMIFS('Diário de estudo'!H3:H530,'Diário de estudo'!D3:D530,$A12,'Diário de estudo'!A3:A530,">="&DATE(2026,11,9),'Diário de estudo'!A3:A530,"<="&DATE(2026,11,15)) | AA12: =SUMIFS('Diário de estudo'!I3:I530,'Diário de estudo'!D3:D530,$A12,'Diário de estudo'!A3:A530,">="&DATE(2026,11,9),'Diário de estudo'!A3:A530,"<="&DATE(2026,11,15)) | AB12: =IFERROR(AA12/Z12,"") | AC12: =SUMIFS('Diário de estudo'!H3:H530,'Diário de estudo'!D3:D530,$A12,'Diário de estudo'!A3:A530,">="&DATE(2026,11,16),'Diário de estudo'!A3:A530,"<="&DATE(2026,11,22)) | AD12: =SUMIFS('Diário de estudo'!I3:I530,'Diário de estudo'!D3:D530,$A12,'Diário de estudo'!A3:A530,">="&DATE(2026,11,16),'Diário de estudo'!A3:A530,"<="&DATE(2026,11,22)) | AE12: =IFERROR(AD12/AC12,"") | AF12: =SUMIFS('Diário de estudo'!H3:H530,'Diário de estudo'!D3:D530,$A12,'Diário de estudo'!A3:A530,">="&DATE(2026,11,23),'Diário de estudo'!A3:A530,"<="&DATE(2026,11,29)) | AG12: =SUMIFS('Diário de estudo'!I3:I530,'Diário de estudo'!D3:D530,$A12,'Diário de estudo'!A3:A530,">="&DATE(2026,11,23),'Diário de estudo'!A3:A530,"<="&DATE(2026,11,29)) | AH12: =IFERROR(AG12/AF12,"") | AI12: =SUMIFS('Diário de estudo'!H3:H530,'Diário de estudo'!D3:D530,$A12,'Diário de estudo'!A3:A530,">="&DATE(2026,11,30),'Diário de estudo'!A3:A530,"<="&DATE(2026,12,6)) | AJ12: =SUMIFS('Diário de estudo'!I3:I530,'Diário de estudo'!D3:D530,$A12,'Diário de estudo'!A3:A530,">="&DATE(2026,11,30),'Diário de estudo'!A3:A530,"<="&DATE(2026,12,6)) | AK12: =IFERROR(AJ12/AI12,"") | AL12: =SUMIFS('Diário de estudo'!H3:H530,'Diário de estudo'!D3:D530,$A12,'Diário de estudo'!A3:A530,">="&DATE(2026,12,7),'Diário de estudo'!A3:A530,"<="&DATE(2026,12,13)) | AM12: =SUMIFS('Diário de estudo'!I3:I530,'Diário de estudo'!D3:D530,$A12,'Diário de estudo'!A3:A530,">="&DATE(2026,12,7),'Diário de estudo'!A3:A530,"<="&DATE(2026,12,13)) | AN12: =IFERROR(AM12/AL12,"") | AO12: =SUMIFS('Diário de estudo'!H3:H530,'Diário de estudo'!D3:D530,$A12,'Diário de estudo'!A3:A530,">="&DATE(2026,12,14),'Diário de estudo'!A3:A530,"<="&DATE(2026,12,20)) | AP12: =SUMIFS('Diário de estudo'!I3:I530,'Diário de estudo'!D3:D530,$A12,'Diário de estudo'!A3:A530,">="&DATE(2026,12,14),'Diário de estudo'!A3:A530,"<="&DATE(2026,12,20)) | AQ12: =IFERROR(AP12/AO12,"") | AR12: =SUMIFS('Diário de estudo'!H3:H530,'Diário de estudo'!D3:D530,$A12,'Diário de estudo'!A3:A530,">="&DATE(2026,12,21),'Diário de estudo'!A3:A530,"<="&DATE(2026,12,27)) | AS12: =SUMIFS('Diário de estudo'!I3:I530,'Diário de estudo'!D3:D530,$A12,'Diário de estudo'!A3:A530,">="&DATE(2026,12,21),'Diário de estudo'!A3:A530,"<="&DATE(2026,12,27)) | AT12: =IFERROR(AS12/AR12,"") | AU12: =SUMIFS('Diário de estudo'!H3:H530,'Diário de estudo'!D3:D530,$A12,'Diário de estudo'!A3:A530,">="&DATE(2026,12,28),'Diário de estudo'!A3:A530,"<="&DATE(2027,1,3)) | AV12: =SUMIFS('Diário de estudo'!I3:I530,'Diário de estudo'!D3:D530,$A12,'Diário de estudo'!A3:A530,">="&DATE(2026,12,28),'Diário de estudo'!A3:A530,"<="&DATE(2027,1,3)) | AW12: =IFERROR(AV12/AU12,"")
A13: ARQUITETURA / BANCO DE DADOS | B13: =SUMIFS('Diário de estudo'!H3:H530,'Diário de estudo'!D3:D530,$A13,'Diário de estudo'!A3:A530,">="&DATE(2026,9,14),'Diário de estudo'!A3:A530,"<="&DATE(2026,9,20)) | C13: =SUMIFS('Diário de estudo'!I3:I530,'Diário de estudo'!D3:D530,$A13,'Diário de estudo'!A3:A530,">="&DATE(2026,9,14),'Diário de estudo'!A3:A530,"<="&DATE(2026,9,20)) | D13: =IFERROR(C13/B13,"") | E13: =SUMIFS('Diário de estudo'!H3:H530,'Diário de estudo'!D3:D530,$A13,'Diário de estudo'!A3:A530,">="&DATE(2026,9,21),'Diário de estudo'!A3:A530,"<="&DATE(2026,9,27)) | F13: =SUMIFS('Diário de estudo'!I3:I530,'Diário de estudo'!D3:D530,$A13,'Diário de estudo'!A3:A530,">="&DATE(2026,9,21),'Diário de estudo'!A3:A530,"<="&DATE(2026,9,27)) | G13: =IFERROR(F13/E13,"") | H13: =SUMIFS('Diário de estudo'!H3:H530,'Diário de estudo'!D3:D530,$A13,'Diário de estudo'!A3:A530,">="&DATE(2026,9,28),'Diário de estudo'!A3:A530,"<="&DATE(2026,10,4)) | I13: =SUMIFS('Diário de estudo'!I3:I530,'Diário de estudo'!D3:D530,$A13,'Diário de estudo'!A3:A530,">="&DATE(2026,9,28),'Diário de estudo'!A3:A530,"<="&DATE(2026,10,4)) | J13: =IFERROR(I13/H13,"") | K13: =SUMIFS('Diário de estudo'!H3:H530,'Diário de estudo'!D3:D530,$A13,'Diário de estudo'!A3:A530,">="&DATE(2026,10,5),'Diário de estudo'!A3:A530,"<="&DATE(2026,10,11)) | L13: =SUMIFS('Diário de estudo'!I3:I530,'Diário de estudo'!D3:D530,$A13,'Diário de estudo'!A3:A530,">="&DATE(2026,10,5),'Diário de estudo'!A3:A530,"<="&DATE(2026,10,11)) | M13: =IFERROR(L13/K13,"") | N13: =SUMIFS('Diário de estudo'!H3:H530,'Diário de estudo'!D3:D530,$A13,'Diário de estudo'!A3:A530,">="&DATE(2026,10,12),'Diário de estudo'!A3:A530,"<="&DATE(2026,10,18)) | O13: =SUMIFS('Diário de estudo'!I3:I530,'Diário de estudo'!D3:D530,$A13,'Diário de estudo'!A3:A530,">="&DATE(2026,10,12),'Diário de estudo'!A3:A530,"<="&DATE(2026,10,18)) | P13: =IFERROR(O13/N13,"") | Q13: =SUMIFS('Diário de estudo'!H3:H530,'Diário de estudo'!D3:D530,$A13,'Diário de estudo'!A3:A530,">="&DATE(2026,10,19),'Diário de estudo'!A3:A530,"<="&DATE(2026,10,25)) | R13: =SUMIFS('Diário de estudo'!I3:I530,'Diário de estudo'!D3:D530,$A13,'Diário de estudo'!A3:A530,">="&DATE(2026,10,19),'Diário de estudo'!A3:A530,"<="&DATE(2026,10,25)) | S13: =IFERROR(R13/Q13,"") | T13: =SUMIFS('Diário de estudo'!H3:H530,'Diário de estudo'!D3:D530,$A13,'Diário de estudo'!A3:A530,">="&DATE(2026,10,26),'Diário de estudo'!A3:A530,"<="&DATE(2026,11,1)) | U13: =SUMIFS('Diário de estudo'!I3:I530,'Diário de estudo'!D3:D530,$A13,'Diário de estudo'!A3:A530,">="&DATE(2026,10,26),'Diário de estudo'!A3:A530,"<="&DATE(2026,11,1)) | V13: =IFERROR(U13/T13,"") | W13: =SUMIFS('Diário de estudo'!H3:H530,'Diário de estudo'!D3:D530,$A13,'Diário de estudo'!A3:A530,">="&DATE(2026,11,2),'Diário de estudo'!A3:A530,"<="&DATE(2026,11,8)) | X13: =SUMIFS('Diário de estudo'!I3:I530,'Diário de estudo'!D3:D530,$A13,'Diário de estudo'!A3:A530,">="&DATE(2026,11,2),'Diário de estudo'!A3:A530,"<="&DATE(2026,11,8)) | Y13: =IFERROR(X13/W13,"") | Z13: =SUMIFS('Diário de estudo'!H3:H530,'Diário de estudo'!D3:D530,$A13,'Diário de estudo'!A3:A530,">="&DATE(2026,11,9),'Diário de estudo'!A3:A530,"<="&DATE(2026,11,15)) | AA13: =SUMIFS('Diário de estudo'!I3:I530,'Diário de estudo'!D3:D530,$A13,'Diário de estudo'!A3:A530,">="&DATE(2026,11,9),'Diário de estudo'!A3:A530,"<="&DATE(2026,11,15)) | AB13: =IFERROR(AA13/Z13,"") | AC13: =SUMIFS('Diário de estudo'!H3:H530,'Diário de estudo'!D3:D530,$A13,'Diário de estudo'!A3:A530,">="&DATE(2026,11,16),'Diário de estudo'!A3:A530,"<="&DATE(2026,11,22)) | AD13: =SUMIFS('Diário de estudo'!I3:I530,'Diário de estudo'!D3:D530,$A13,'Diário de estudo'!A3:A530,">="&DATE(2026,11,16),'Diário de estudo'!A3:A530,"<="&DATE(2026,11,22)) | AE13: =IFERROR(AD13/AC13,"") | AF13: =SUMIFS('Diário de estudo'!H3:H530,'Diário de estudo'!D3:D530,$A13,'Diário de estudo'!A3:A530,">="&DATE(2026,11,23),'Diário de estudo'!A3:A530,"<="&DATE(2026,11,29)) | AG13: =SUMIFS('Diário de estudo'!I3:I530,'Diário de estudo'!D3:D530,$A13,'Diário de estudo'!A3:A530,">="&DATE(2026,11,23),'Diário de estudo'!A3:A530,"<="&DATE(2026,11,29)) | AH13: =IFERROR(AG13/AF13,"") | AI13: =SUMIFS('Diário de estudo'!H3:H530,'Diário de estudo'!D3:D530,$A13,'Diário de estudo'!A3:A530,">="&DATE(2026,11,30),'Diário de estudo'!A3:A530,"<="&DATE(2026,12,6)) | AJ13: =SUMIFS('Diário de estudo'!I3:I530,'Diário de estudo'!D3:D530,$A13,'Diário de estudo'!A3:A530,">="&DATE(2026,11,30),'Diário de estudo'!A3:A530,"<="&DATE(2026,12,6)) | AK13: =IFERROR(AJ13/AI13,"") | AL13: =SUMIFS('Diário de estudo'!H3:H530,'Diário de estudo'!D3:D530,$A13,'Diário de estudo'!A3:A530,">="&DATE(2026,12,7),'Diário de estudo'!A3:A530,"<="&DATE(2026,12,13)) | AM13: =SUMIFS('Diário de estudo'!I3:I530,'Diário de estudo'!D3:D530,$A13,'Diário de estudo'!A3:A530,">="&DATE(2026,12,7),'Diário de estudo'!A3:A530,"<="&DATE(2026,12,13)) | AN13: =IFERROR(AM13/AL13,"") | AO13: =SUMIFS('Diário de estudo'!H3:H530,'Diário de estudo'!D3:D530,$A13,'Diário de estudo'!A3:A530,">="&DATE(2026,12,14),'Diário de estudo'!A3:A530,"<="&DATE(2026,12,20)) | AP13: =SUMIFS('Diário de estudo'!I3:I530,'Diário de estudo'!D3:D530,$A13,'Diário de estudo'!A3:A530,">="&DATE(2026,12,14),'Diário de estudo'!A3:A530,"<="&DATE(2026,12,20)) | AQ13: =IFERROR(AP13/AO13,"") | AR13: =SUMIFS('Diário de estudo'!H3:H530,'Diário de estudo'!D3:D530,$A13,'Diário de estudo'!A3:A530,">="&DATE(2026,12,21),'Diário de estudo'!A3:A530,"<="&DATE(2026,12,27)) | AS13: =SUMIFS('Diário de estudo'!I3:I530,'Diário de estudo'!D3:D530,$A13,'Diário de estudo'!A3:A530,">="&DATE(2026,12,21),'Diário de estudo'!A3:A530,"<="&DATE(2026,12,27)) | AT13: =IFERROR(AS13/AR13,"") | AU13: =SUMIFS('Diário de estudo'!H3:H530,'Diário de estudo'!D3:D530,$A13,'Diário de estudo'!A3:A530,">="&DATE(2026,12,28),'Diário de estudo'!A3:A530,"<="&DATE(2027,1,3)) | AV13: =SUMIFS('Diário de estudo'!I3:I530,'Diário de estudo'!D3:D530,$A13,'Diário de estudo'!A3:A530,">="&DATE(2026,12,28),'Diário de estudo'!A3:A530,"<="&DATE(2027,1,3)) | AW13: =IFERROR(AV13/AU13,"")
A14: SEGURANÇA DA INFORMAÇÃO | B14: =SUMIFS('Diário de estudo'!H3:H530,'Diário de estudo'!D3:D530,$A14,'Diário de estudo'!A3:A530,">="&DATE(2026,9,14),'Diário de estudo'!A3:A530,"<="&DATE(2026,9,20)) | C14: =SUMIFS('Diário de estudo'!I3:I530,'Diário de estudo'!D3:D530,$A14,'Diário de estudo'!A3:A530,">="&DATE(2026,9,14),'Diário de estudo'!A3:A530,"<="&DATE(2026,9,20)) | D14: =IFERROR(C14/B14,"") | E14: =SUMIFS('Diário de estudo'!H3:H530,'Diário de estudo'!D3:D530,$A14,'Diário de estudo'!A3:A530,">="&DATE(2026,9,21),'Diário de estudo'!A3:A530,"<="&DATE(2026,9,27)) | F14: =SUMIFS('Diário de estudo'!I3:I530,'Diário de estudo'!D3:D530,$A14,'Diário de estudo'!A3:A530,">="&DATE(2026,9,21),'Diário de estudo'!A3:A530,"<="&DATE(2026,9,27)) | G14: =IFERROR(F14/E14,"") | H14: =SUMIFS('Diário de estudo'!H3:H530,'Diário de estudo'!D3:D530,$A14,'Diário de estudo'!A3:A530,">="&DATE(2026,9,28),'Diário de estudo'!A3:A530,"<="&DATE(2026,10,4)) | I14: =SUMIFS('Diário de estudo'!I3:I530,'Diário de estudo'!D3:D530,$A14,'Diário de estudo'!A3:A530,">="&DATE(2026,9,28),'Diário de estudo'!A3:A530,"<="&DATE(2026,10,4)) | J14: =IFERROR(I14/H14,"") | K14: =SUMIFS('Diário de estudo'!H3:H530,'Diário de estudo'!D3:D530,$A14,'Diário de estudo'!A3:A530,">="&DATE(2026,10,5),'Diário de estudo'!A3:A530,"<="&DATE(2026,10,11)) | L14: =SUMIFS('Diário de estudo'!I3:I530,'Diário de estudo'!D3:D530,$A14,'Diário de estudo'!A3:A530,">="&DATE(2026,10,5),'Diário de estudo'!A3:A530,"<="&DATE(2026,10,11)) | M14: =IFERROR(L14/K14,"") | N14: =SUMIFS('Diário de estudo'!H3:H530,'Diário de estudo'!D3:D530,$A14,'Diário de estudo'!A3:A530,">="&DATE(2026,10,12),'Diário de estudo'!A3:A530,"<="&DATE(2026,10,18)) | O14: =SUMIFS('Diário de estudo'!I3:I530,'Diário de estudo'!D3:D530,$A14,'Diário de estudo'!A3:A530,">="&DATE(2026,10,12),'Diário de estudo'!A3:A530,"<="&DATE(2026,10,18)) | P14: =IFERROR(O14/N14,"") | Q14: =SUMIFS('Diário de estudo'!H3:H530,'Diário de estudo'!D3:D530,$A14,'Diário de estudo'!A3:A530,">="&DATE(2026,10,19),'Diário de estudo'!A3:A530,"<="&DATE(2026,10,25)) | R14: =SUMIFS('Diário de estudo'!I3:I530,'Diário de estudo'!D3:D530,$A14,'Diário de estudo'!A3:A530,">="&DATE(2026,10,19),'Diário de estudo'!A3:A530,"<="&DATE(2026,10,25)) | S14: =IFERROR(R14/Q14,"") | T14: =SUMIFS('Diário de estudo'!H3:H530,'Diário de estudo'!D3:D530,$A14,'Diário de estudo'!A3:A530,">="&DATE(2026,10,26),'Diário de estudo'!A3:A530,"<="&DATE(2026,11,1)) | U14: =SUMIFS('Diário de estudo'!I3:I530,'Diário de estudo'!D3:D530,$A14,'Diário de estudo'!A3:A530,">="&DATE(2026,10,26),'Diário de estudo'!A3:A530,"<="&DATE(2026,11,1)) | V14: =IFERROR(U14/T14,"") | W14: =SUMIFS('Diário de estudo'!H3:H530,'Diário de estudo'!D3:D530,$A14,'Diário de estudo'!A3:A530,">="&DATE(2026,11,2),'Diário de estudo'!A3:A530,"<="&DATE(2026,11,8)) | X14: =SUMIFS('Diário de estudo'!I3:I530,'Diário de estudo'!D3:D530,$A14,'Diário de estudo'!A3:A530,">="&DATE(2026,11,2),'Diário de estudo'!A3:A530,"<="&DATE(2026,11,8)) | Y14: =IFERROR(X14/W14,"") | Z14: =SUMIFS('Diário de estudo'!H3:H530,'Diário de estudo'!D3:D530,$A14,'Diário de estudo'!A3:A530,">="&DATE(2026,11,9),'Diário de estudo'!A3:A530,"<="&DATE(2026,11,15)) | AA14: =SUMIFS('Diário de estudo'!I3:I530,'Diário de estudo'!D3:D530,$A14,'Diário de estudo'!A3:A530,">="&DATE(2026,11,9),'Diário de estudo'!A3:A530,"<="&DATE(2026,11,15)) | AB14: =IFERROR(AA14/Z14,"") | AC14: =SUMIFS('Diário de estudo'!H3:H530,'Diário de estudo'!D3:D530,$A14,'Diário de estudo'!A3:A530,">="&DATE(2026,11,16),'Diário de estudo'!A3:A530,"<="&DATE(2026,11,22)) | AD14: =SUMIFS('Diário de estudo'!I3:I530,'Diário de estudo'!D3:D530,$A14,'Diário de estudo'!A3:A530,">="&DATE(2026,11,16),'Diário de estudo'!A3:A530,"<="&DATE(2026,11,22)) | AE14: =IFERROR(AD14/AC14,"") | AF14: =SUMIFS('Diário de estudo'!H3:H530,'Diário de estudo'!D3:D530,$A14,'Diário de estudo'!A3:A530,">="&DATE(2026,11,23),'Diário de estudo'!A3:A530,"<="&DATE(2026,11,29)) | AG14: =SUMIFS('Diário de estudo'!I3:I530,'Diário de estudo'!D3:D530,$A14,'Diário de estudo'!A3:A530,">="&DATE(2026,11,23),'Diário de estudo'!A3:A530,"<="&DATE(2026,11,29)) | AH14: =IFERROR(AG14/AF14,"") | AI14: =SUMIFS('Diário de estudo'!H3:H530,'Diário de estudo'!D3:D530,$A14,'Diário de estudo'!A3:A530,">="&DATE(2026,11,30),'Diário de estudo'!A3:A530,"<="&DATE(2026,12,6)) | AJ14: =SUMIFS('Diário de estudo'!I3:I530,'Diário de estudo'!D3:D530,$A14,'Diário de estudo'!A3:A530,">="&DATE(2026,11,30),'Diário de estudo'!A3:A530,"<="&DATE(2026,12,6)) | AK14: =IFERROR(AJ14/AI14,"") | AL14: =SUMIFS('Diário de estudo'!H3:H530,'Diário de estudo'!D3:D530,$A14,'Diário de estudo'!A3:A530,">="&DATE(2026,12,7),'Diário de estudo'!A3:A530,"<="&DATE(2026,12,13)) | AM14: =SUMIFS('Diário de estudo'!I3:I530,'Diário de estudo'!D3:D530,$A14,'Diário de estudo'!A3:A530,">="&DATE(2026,12,7),'Diário de estudo'!A3:A530,"<="&DATE(2026,12,13)) | AN14: =IFERROR(AM14/AL14,"") | AO14: =SUMIFS('Diário de estudo'!H3:H530,'Diário de estudo'!D3:D530,$A14,'Diário de estudo'!A3:A530,">="&DATE(2026,12,14),'Diário de estudo'!A3:A530,"<="&DATE(2026,12,20)) | AP14: =SUMIFS('Diário de estudo'!I3:I530,'Diário de estudo'!D3:D530,$A14,'Diário de estudo'!A3:A530,">="&DATE(2026,12,14),'Diário de estudo'!A3:A530,"<="&DATE(2026,12,20)) | AQ14: =IFERROR(AP14/AO14,"") | AR14: =SUMIFS('Diário de estudo'!H3:H530,'Diário de estudo'!D3:D530,$A14,'Diário de estudo'!A3:A530,">="&DATE(2026,12,21),'Diário de estudo'!A3:A530,"<="&DATE(2026,12,27)) | AS14: =SUMIFS('Diário de estudo'!I3:I530,'Diário de estudo'!D3:D530,$A14,'Diário de estudo'!A3:A530,">="&DATE(2026,12,21),'Diário de estudo'!A3:A530,"<="&DATE(2026,12,27)) | AT14: =IFERROR(AS14/AR14,"") | AU14: =SUMIFS('Diário de estudo'!H3:H530,'Diário de estudo'!D3:D530,$A14,'Diário de estudo'!A3:A530,">="&DATE(2026,12,28),'Diário de estudo'!A3:A530,"<="&DATE(2027,1,3)) | AV14: =SUMIFS('Diário de estudo'!I3:I530,'Diário de estudo'!D3:D530,$A14,'Diário de estudo'!A3:A530,">="&DATE(2026,12,28),'Diário de estudo'!A3:A530,"<="&DATE(2027,1,3)) | AW14: =IFERROR(AV14/AU14,"")
A15: TOTAL | B15: =SUM(B4:B14) | C15: =SUM(C4:C14) | D15: =IFERROR(C15/B15,"") | E15: =SUM(E4:E14) | F15: =SUM(F4:F14) | G15: =IFERROR(F15/E15,"") | H15: =SUM(H4:H14) | I15: =SUM(I4:I14) | J15: =IFERROR(I15/H15,"") | K15: =SUM(K4:K14) | L15: =SUM(L4:L14) | M15: =IFERROR(L15/K15,"") | N15: =SUM(N4:N14) | O15: =SUM(O4:O14) | P15: =IFERROR(O15/N15,"") | Q15: =SUM(Q4:Q14) | R15: =SUM(R4:R14) | S15: =IFERROR(R15/Q15,"") | T15: =SUM(T4:T14) | U15: =SUM(U4:U14) | V15: =IFERROR(U15/T15,"") | W15: =SUM(W4:W14) | X15: =SUM(X4:X14) | Y15: =IFERROR(X15/W15,"") | Z15: =SUM(Z4:Z14) | AA15: =SUM(AA4:AA14) | AB15: =IFERROR(AA15/Z15,"") | AC15: =SUM(AC4:AC14) | AD15: =SUM(AD4:AD14) | AE15: =IFERROR(AD15/AC15,"") | AF15: =SUM(AF4:AF14) | AG15: =SUM(AG4:AG14) | AH15: =IFERROR(AG15/AF15,"") | AI15: =SUM(AI4:AI14) | AJ15: =SUM(AJ4:AJ14) | AK15: =IFERROR(AJ15/AI15,"") | AL15: =SUM(AL4:AL14) | AM15: =SUM(AM4:AM14) | AN15: =IFERROR(AM15/AL15,"") | AO15: =SUM(AO4:AO14) | AP15: =SUM(AP4:AP14) | AQ15: =IFERROR(AP15/AO15,"") | AR15: =SUM(AR4:AR14) | AS15: =SUM(AS4:AS14) | AT15: =IFERROR(AS15/AR15,"") | AU15: =SUM(AU4:AU14) | AV15: =SUM(AV4:AV14) | AW15: =IFERROR(AV15/AU15,"")

Sheet HORÁRIO
A1: GRADE SEMANAL DE REFERÊNCIA — 18h/semana (o que estudar em cada dia, ver 'Diário de estudo' p/ datas exatas)
A2: BLOCO | B2: Segunda | C2: Terça | D2: Quarta | E2: Quinta | F2: Sexta | G2: Sábado | H2: Domingo
A3: Bloco 1 (2h) | B3: ARQUITETURA DE SOFTWARE Padrão MVC; Microsserviços; Arquitetura orientada a eventos
A4: Bloco 1 (2h) | C4: LINGUAGENS DE PROGRAMAÇÃO Orientação a Objetos: pilares e características estruturais
A5: Bloco 1 (2h) | D5: QUALIDADE DE SOFTWARE Garantia da qualidade e métricas de código
A6: Bloco 1 (2h) | E6: ESTRUTURA DE DADOS E ALGORITMOS Tipos básicos e abstratos de dados (lista, fila, pilha, árvore)
A7: Bloco 1 (2h) | F7: ARQUITETURA / BANCO DE DADOS Modelagem de dados: conceitual, lógica e física
A8: Bloco 1 (2h) | G8: SEGURANÇA DA INFORMAÇÃO Desenvolvimento seguro: SAST / DAST / IAST
A9: Bloco 1 (2h) | H9: ARQUITETURA DE SOFTWARE Arquitetura Orientada a Serviços (SOA) e interoperabilidade
A10: Bloco 2 (2h, só sáb/dom) | G10: ENGENHARIA DE SOFTWARE Ciclo de vida e metodologias de desenvolvimento (cascata, ágil) | H10: LINGUAGENS DE PROGRAMAÇÃO Simulado misto (questões de todas as matérias da semana)
A11: TOTAL HORAS/DIA | B11: 2 | C11: 2 | D11: 2 | E11: 2 | F11: 2 | G11: 4 | H11: 4
A13: Nota: o rodízio de matérias avança dia a dia (peso maior = aparece mais vezes); a agenda completa dia a dia está na aba 'Diário de estudo'.

Sheet DICA DE HORAS DE ESTUDO
A1: DISTRIBUIÇÃO DE HORAS POR MATÉRIA — previsto x realizado (ligado ao Diário de estudo)
A2: MATÉRIA | B2: PESO | C2: % DO PESO TOTAL | D2: HORAS/SEMANA (previsto) | E2: HORAS TOTAIS PREVISTAS (até 31/12) | F2: HORAS NO DIÁRIO (planejadas p/ o momento)
A3: LÍNGUA PORTUGUESA | B3: 1 | C3: =B3/SUM($B$3:$B$13) | D3: =C3*18 | E3: =D3*14.9 | F3: =SUMIFS('Diário de estudo'!G3:G530,'Diário de estudo'!D3:D530,$A3,'Diário de estudo'!E3:E530,"ESTUDO")/60
A4: DIREITO CONSTITUCIONAL | B4: 1 | C4: =B4/SUM($B$3:$B$13) | D4: =C4*18 | E4: =D4*14.9 | F4: =SUMIFS('Diário de estudo'!G3:G530,'Diário de estudo'!D3:D530,$A4,'Diário de estudo'!E3:E530,"ESTUDO")/60
A5: DIREITO ADMINISTRATIVO | B5: 1 | C5: =B5/SUM($B$3:$B$13) | D5: =C5*18 | E5: =D5*14.9 | F5: =SUMIFS('Diário de estudo'!G3:G530,'Diário de estudo'!D3:D530,$A5,'Diário de estudo'!E3:E530,"ESTUDO")/60
A6: LEGISLAÇÃO INSTITUCIONAL MP | B6: 1 | C6: =B6/SUM($B$3:$B$13) | D6: =C6*18 | E6: =D6*14.9 | F6: =SUMIFS('Diário de estudo'!G3:G530,'Diário de estudo'!D3:D530,$A6,'Diário de estudo'!E3:E530,"ESTUDO")/60
A7: ENGENHARIA DE SOFTWARE | B7: 2 | C7: =B7/SUM($B$3:$B$13) | D7: =C7*18 | E7: =D7*14.9 | F7: =SUMIFS('Diário de estudo'!G3:G530,'Diário de estudo'!D3:D530,$A7,'Diário de estudo'!E3:E530,"ESTUDO")/60
A8: ARQUITETURA DE SOFTWARE | B8: 2 | C8: =B8/SUM($B$3:$B$13) | D8: =C8*18 | E8: =D8*14.9 | F8: =SUMIFS('Diário de estudo'!G3:G530,'Diário de estudo'!D3:D530,$A8,'Diário de estudo'!E3:E530,"ESTUDO")/60
A9: LINGUAGENS DE PROGRAMAÇÃO | B9: 2 | C9: =B9/SUM($B$3:$B$13) | D9: =C9*18 | E9: =D9*14.9 | F9: =SUMIFS('Diário de estudo'!G3:G530,'Diário de estudo'!D3:D530,$A9,'Diário de estudo'!E3:E530,"ESTUDO")/60
A10: QUALIDADE DE SOFTWARE | B10: 1 | C10: =B10/SUM($B$3:$B$13) | D10: =C10*18 | E10: =D10*14.9 | F10: =SUMIFS('Diário de estudo'!G3:G530,'Diário de estudo'!D3:D530,$A10,'Diário de estudo'!E3:E530,"ESTUDO")/60
A11: ESTRUTURA DE DADOS E ALGORITMOS | B11: 2 | C11: =B11/SUM($B$3:$B$13) | D11: =C11*18 | E11: =D11*14.9 | F11: =SUMIFS('Diário de estudo'!G3:G530,'Diário de estudo'!D3:D530,$A11,'Diário de estudo'!E3:E530,"ESTUDO")/60
A12: ARQUITETURA / BANCO DE DADOS | B12: 2 | C12: =B12/SUM($B$3:$B$13) | D12: =C12*18 | E12: =D12*14.9 | F12: =SUMIFS('Diário de estudo'!G3:G530,'Diário de estudo'!D3:D530,$A12,'Diário de estudo'!E3:E530,"ESTUDO")/60
A13: SEGURANÇA DA INFORMAÇÃO | B13: 1 | C13: =B13/SUM($B$3:$B$13) | D13: =C13*18 | E13: =D13*14.9 | F13: =SUMIFS('Diário de estudo'!G3:G530,'Diário de estudo'!D3:D530,$A13,'Diário de estudo'!E3:E530,"ESTUDO")/60
A14: TOTAL | B14: =SUM(B3:B13) | D14: =SUM(D3:D13) | E14: =SUM(E3:E13) | F14: =SUM(F3:F13)

Sheet Caderno de erros
A1: CADERNO DE ERROS
A2: MATÉRIA / ASSUNTO | B2: BANCA / ANO / ÓRGÃO | C2: DATA ESTUDADA | D2: DATA PARA REPETIR | E2: MOTIVO DO ERRO | F2: FUNDAMENTO DA RESPOSTA CERTA

Sheet Legenda
A1: STATUS | C1: MATÉRIAS
A2: SIM | C2: LÍNGUA PORTUGUESA
A3: NÃO | C3: DIREITO CONSTITUCIONAL
A4: ATENÇÃO | C4: DIREITO ADMINISTRATIVO
A5: PRECISO ESTUDAR | C5: LEGISLAÇÃO INSTITUCIONAL MP
A6: DOMINO | C6: ENGENHARIA DE SOFTWARE
A7: CAIU NA ÚLTIMA PROVA | C7: ARQUITETURA DE SOFTWARE
C8: LINGUAGENS DE PROGRAMAÇÃO
C9: QUALIDADE DE SOFTWARE
C10: ESTRUTURA DE DADOS E ALGORITMOS
C11: ARQUITETURA / BANCO DE DADOS
C12: SEGURANÇA DA INFORMAÇÃO
